reviews,titles
와 정말 무서운집 수준의 공포영화가 한국에 다시 나왔네요. 꼭 보러 가세요.착석하신 순간부터 무서우실 겁니다.그 땐 환불이 안 되거든요.,0.0MHz
"내용 구성이나 연출, cg는 저예산 영화 정도의 수준이었지만 정은지가 연기를 잘한다",0.0MHz
상엽이 형은 어쩌다가 어릴때 죽었는지 다리 피흘리는 여고생 연관있을줄 알았는데 연관도 없고귀신은 어쩌다 자살을 했는지 그런것도 없고 영화를 만들다 말았음;,0.0MHz
정은지 연기 소름...,0.0MHz
일단 정은지는 완전 합격점. 최윤영도 좋았다. 여배우 둘 빼면 에휴...게다가 초반 고막 묵직하게 울리는 음향 효과 완전 좋았는데 그게 끝. ㅋ원작의 공포감을 다 살리지 못한 연출 너무 아쉽다.,0.0MHz
정은지는 노래도 월클이고 연기까지 월클인 것 같다. !,0.0MHz
정은지 스크린 데뷔 넘 좋았음 ㅠㅠ 표정 꿈에 나올듯 개무섭,0.0MHz
킬링타임용 공포영화로는 괜찮음 단점도 많지만 볼만한 부분도 있음 여자 배우들 연기는 괜찮음,0.0MHz
아는형님에서 정은지 눈빛연기보고 이건 봐야겠다 했는데 공포연기 ㅎㄷㄷ 눈빛 진짜 공포물 최적화,0.0MHz
정은지 연기 물올랐다 ㄷㄷㄷ 보는내내 숨막혀 죽는줄 원작웹툰도 명작이었는데 영화도 꿀잼이었다,0.0MHz
다들의미부여하며 지식인들처럼 내뱉지만난 그냥 내속까지 더러운영화,1 더하기 3 (Three Husbands)
"인어=홍콩, 3남편=중국, 홍콩정부, 홍콩시민 / 과연 누가 이런 내용으로 이런 영화를 만들수 있을까 놀랍다",1 더하기 3 (Three Husbands)
증미혜자라는 배우의 발견 정말 미친 연기,1 더하기 3 (Three Husbands)
온몸 열연 증미혜자 멋지다 인터뷰보니 베짱이 두둑,1 더하기 3 (Three Husbands)
미드나잇 에프터도 그렇고 똘끼 충만한 감독이네 ㅋㅋㅋㅋ,1 더하기 3 (Three Husbands)
"옥보단, 감각의 제국보다 쎄고 메세지도 강하다",1 더하기 3 (Three Husbands)
완벽한비유. 디테일한 연출,1 더하기 3 (Three Husbands)
프룻첸 감독은 나의 기대를 져버리지 않았다! 이렇게 신박할수가,1 더하기 3 (Three Husbands)
진짜 골때리는데..성기능장애를 빌미리로 매춘을 시키는 남편들을 합리화 거기에 다양한 코스프레 제공 이라니 ㅋㅋ 연기 스토리 7.5정도 되겟습니다,1 더하기 3 (Three Husbands)
지린다... 육덕쩔음.,1 더하기 3 (Three Husbands)
최악이다 최악.특히 조이 여친의 연기는 그동안 봤던 백인 연기중에서단연 끝판왕 수준으로 연기 못한다.이거에 비해 람보 라스트워는 정말 잘 만든 영화다.,10 미니츠 곤 (10 Minutes Gone)
이딴걸 영화라고...,10 미니츠 곤 (10 Minutes Gone)
브루스윌리스가 B급 영화에만 출연하는 이유가 뭔지 정말 궁금해. 브루스형 영화중 보다가 졸려서 나와버린 영화는 이게 처음이야.,10 미니츠 곤 (10 Minutes Gone)
그 실력이면 그냥 은행털어 돈 벌어야지,10 미니츠 곤 (10 Minutes Gone)
"단 1초도 용납하지 않는 철저한 준비로 은행을 털었지만 룰이 깨지고 멤버들이 타킷이 되면서 벌어지는 반전 액션, 범죄, 스릴러영화다. 기억을 잃은 한 남자를 중심으로 사라진 10분의 진실을 찾는 게임이 쉴 사이 없이...",10 미니츠 곤 (10 Minutes Gone)
별점 1개도 아까운 최악의 영화,10 미니츠 곤 (10 Minutes Gone)
브루스윌리스는 돈이 필요한가? 몇년전부터 3류 영화까지 마구 찍어내고있다. 이제 내임밸류보고 볼만한게 안될정도로 떨어진듯....,10 미니츠 곤 (10 Minutes Gone)
스포일러가 포함된 감상평입니다. 감상평 보기,10 미니츠 곤 (10 Minutes Gone)
마지막 반전도 그렇지만 전체적으로 좀 딸린다,10 미니츠 곤 (10 Minutes Gone)
영화도 무성의 하니 점수도 후하게 1점 드리죠.,10 미니츠 곤 (10 Minutes Gone)
가장 많은것을 가지고있지만 가장 부족함을 느끼는 우리 세대에게.,100일 동안 100가지로 100퍼센트 행복찾기 (100 Things)
상영관좀 늘리자. 안봤으면 후회할뻔함,100일 동안 100가지로 100퍼센트 행복찾기 (100 Things)
행복하기 위해서가 아니라 행복하지 않아서 소비를 하는 모든 사람들에게 행복을 선물하는 영화,100일 동안 100가지로 100퍼센트 행복찾기 (100 Things)
"근래 본 영화 중 참 좋았던 영화. 특히, 폴이 아파트 바깥 계단에서 바람을 느끼며 차 마시는 장면이나 폴이 할머니 무릎에 누워 위로 받던 장면, 토니가 폴 엄마 무릎에 누워 위로 받던 장면 등 감독과 배우의 따뜻...",100일 동안 100가지로 100퍼센트 행복찾기 (100 Things)
우리는 내꺼였던 무엇이 없어져봐야 안다소중한 사람도 그렇게 소중한지 깨닫게 된다.,100일 동안 100가지로 100퍼센트 행복찾기 (100 Things)
관람객 마지막에 고백하는 장면은 뻔하면서도 미치게 귀여웠다...,100일 동안 100가지로 100퍼센트 행복찾기 (100 Things)
관람객 추석때 고르고 골라서 부모님이랑 봤음. 내가 더 감동만족ㅠㅠㅠ 멋있는영화였다. 10점 넘게는 줄수없는거죠?,100일 동안 100가지로 100퍼센트 행복찾기 (100 Things)
2019년 현재를 살아가는 우리에게 미래를 위해 던져주는 뻔하지만 행복한 메세지,100일 동안 100가지로 100퍼센트 행복찾기 (100 Things)
"독일영화 무소유의 가치와 독일철학의 깊이있는 영화적 해석, 무엇보다 좋았던건 잘생긴 독일 남자들과 ost",100일 동안 100가지로 100퍼센트 행복찾기 (100 Things)
"다소 계몽적이고 뻔한 메세지이지만, 풍요 속에서 우리 세대의 공허함과 행복에 대한 고민을 해보게 되는 나름 위트있는 영화.",100일 동안 100가지로 100퍼센트 행복찾기 (100 Things)
"2029년을 미리 엿본 기분, 각각의 스토리로 장편을 만들어서 보고싶다.",10년 (Ten Years Japan)
"일본뿐만이 아닌 전세계의 큰 문제들을 날카롭게 꼬집는다. 하나하나의 절묘한 풍자와 비유들은 영화의 주제들을 더욱 확고하게 해주며, 어느 순간에는 탄성과 감동을 느끼게 하는, 이 영화의 묘미이다. 고레에다 히로카즈는 ...",10년 (Ten Years Japan)
관람객 첫번째 이야기..플랜75는 정말 일본적인 아이디어라는 생각을 했다. 가능할 수도 있는 이야기같다.,10년 (Ten Years Japan)
반일 운동이랑 일본영화 보는거랑 상관없어요~! 꼭보세요,10년 (Ten Years Japan)
플랜 75가 많이 인상적이였습니다.,10년 (Ten Years Japan)
총괄 프로듀스 고레에다 히로카즈.. 이것만으로도 봐야할 이유는 충분한 영화,10년 (Ten Years Japan)
무심하게 패치를 붙이고 가던 간호사의 동선카프카의 변신이 끝없이 떠오르는 미래 자본주의의 민낯첫번째 단편이 가장 좋다,10년 (Ten Years Japan)
<블랙미러>를 연상키시는 세 번째 에피소드와 완성도가 제일 높았던 마지막 에피소드만 좋았다. 나머지 에피소드들은 묵직한 주제에 눌려서 이야기를 하다 만 느낌.,10년 (Ten Years Japan)
10년 후 근미래에 대한 각기 다른 상상이 흥미로운 작품이었습니다^^,10년 (Ten Years Japan)
우리와 너무도 닮은 이웃이기에 근미래적 상상력은 더욱 또렷한 현실감으로 와닿은거 같다,10년 (Ten Years Japan)
"이건 연기가 아니라 리얼임. 배우가 갈수록 눈에 띄게 수척해집니다. 이것은 전쟁영화라기보단 생존영화...연출도 훌륭해서 2시간 넘는데도 시간 가는 줄 모르고 봤어요. 덧붙여 독일=일본, 노르웨이=우리나라 라고 생각하...",12번째 솔저 (The 12th Man)
관람객 노르웨이국민들의 조국을 사랑하는 숭고한정신을 볼수있어 너무좋았습니다,12번째 솔저 (The 12th Man)
명대사 : 나는 영웅이라고 생각하지 않는다 나를 도운사람들이 영웅들이다.,12번째 솔저 (The 12th Man)
감동. 동지 팔아먹고 살아난 변절자가 민주투사 행세하며 대중을 기만하고 권력을 누리는 그런 놈들도 이 영화를 보고 아닥하면 좋겠다,12번째 솔저 (The 12th Man)
보는 내내 내가 같이 거기에 있는 줄... 완전 몰입해서 봤고 중간에 애기랑 말하는 장면에서는 나도 울컥ㅠㅠ 순록 신도 멋있긴 했음,12번째 솔저 (The 12th Man)
관람객 긴장도 최고입니다.. 전쟁은 정말 없어야 합니다.,12번째 솔저 (The 12th Man)
명작입니다. 광고를 안해서 그렇지,12번째 솔저 (The 12th Man)
한국쓰레기영화백만개보다더좋은영화,12번째 솔저 (The 12th Man)
긴장감 어마어마함 믿기 힘든 기적,12번째 솔저 (The 12th Man)
온몸이 긴장해서 나올때 내가 실려나가는 기분 ㅋㅋㅋ,12번째 솔저 (The 12th Man)
관객의 입장에서는 아버지를 이해할 수 있다. 하지만 내가 아들의 입장이었다면 이해할 수 있을까..,13년의 공백 (blank 13)
인간이 잘 살았다는 의미는 무엇일까? 한 사람이라도 나를 기억하며 행복할수있다면..마음 따뜻할수있다면..그런 아버지였음을 알게해줘서 고맙다는 말이 마음을 울림,13년의 공백 (blank 13)
"아버지와 한 인간 사이, 마침내 경계는 무너졌고 그들은 결국 한 인간이자 아버지인 그의 이해를 택했다",13년의 공백 (blank 13)
우리는 부모님에 대해 얼마나 알고 있을까.부모와 한사람의 모습 사이에서 힘들어하는모든 부모님을 위한 영화.오늘 부모님께 '오늘 하루 뭐하셨어요?' 라고물어봐야겠다.,13년의 공백 (blank 13)
훌룽한 영화예요. 가족이란 무엇일까요 제가 가족에게 어떤 존재인지 생각해 보게 되었어요.,13년의 공백 (blank 13)
관람객 원망스러웠던 고인의 죽음을 받아들임에 있어 이상적인 모습을 제시하는 영화.,13년의 공백 (blank 13)
관람객 감독으로서 사이토 타쿠미를 기대하게 됬다.타카하시 잇세이의 눈빛은 여전히 좋구나~,13년의 공백 (blank 13)
"아버지라는 존재, 기억, 그리고 사람",13년의 공백 (blank 13)
타카하시 잇세이...단 한번도 같은 모습을 보여준 적이없다..항상 같은 드리마 같은 영화가 아니기 때문에..연기의 신!,13년의 공백 (blank 13)
그래도 기억에 남는건 가족이다.,13년의 공백 (blank 13)
3.1 운동 100주년입니다. 유관순 열사님 다시 한번 감사드립니다.,1919 유관순
"관람객 일단 연기력은 유관순 외 열사빼고는 어설펐다 그리고 고문신이 너무 적나라하고 잔인해서 12세가 아닌 15세 이상으로 올려야할듯하지만 항거와는 또다른 방식이었고 유관순 외 다른 열사들도 조명했고, 3.1운동이 갖는 역...",1919 유관순
극장에 저 혼자 있어서 죄송합니다. 이렇게 우리를 위해 헌신 하셨는데 극장에는 오늘 저 혼자 였습니다. 죄송합니다.,1919 유관순
3.1운동 100주년을 맞이한 의미있는 영화였습니다. 많은 분들이 이 영화를 봤으면 좋겠습니다.,1919 유관순
유관순을 포함한 많은 독립운동가들을 기억할 것입니다. 3.1 운동 100주년을 기념한 영화가 제작되어 잘 보고 왔습니다.,1919 유관순
영화가 제작된 것 자체에 큰 의미가 있다고 봅니다. 앞으로 100년 뒤에도 기억하고 잊지 않겠습니다. 이새봄 배우의 열연이 돋보입니다 실제 고증을 거쳤을 강도 높은 고문장면을 보니 마음이 아프네요,1919 유관순
관람객 대한 독립 만세감동 감동 감동 감동,1919 유관순
마지막 장면에서 울컥.. 개봉하자마자 봤는데 극장 사람들 박수 치면서 일어 났습니다. 항거와는 또 다른 느낌의 영화네요. 유관순 열사가 영원히 기억되면 좋겠습니다.,1919 유관순
유관순 열사 뿐만 아니라 다른 독립 투사 여성들을 조명했다는 것이 인상 깊었어요. 항거와는 또 다른 매력이 있는 영화라고 생각합니다! 한국인이라면 꼭 봐야할 영화로 추천합니다!,1919 유관순
"처음은 보기 힘들었고, 중후반 가서 좋았다가 마지막 마무리 부분에서 좀 아쉬웠습니다. 다큐 형식인 걸 감안해도 연출이 아쉽네요. 항거와 비교해보면 일제의 만행을 더 자세히 나타내고, 다른 열사분들을 조명한 점은 좋았...",1919 유관순
적당한 킬링타임용,2047 버추얼 레볼루션 (2047: Virtual Revolution)
대학생도 아닌 고등학생 출품전 수준. 등장인물 4명. CG는 배경 몇컷정도. 등장하는 4명조차 발연기의 향연. 진짜 시간을 버리고 싶은데 가장 효율적인걸 찾는 사람이라면 보세요. 그리고 SF장르 아니고 어설픈 추리물...,2047 버추얼 레볼루션 (2047: Virtual Revolution)
처음으로 댓글쓴다.내가 2021년에 모텔에서 이걸 쳐보고 있었다.너네도 봐라.,2047 버추얼 레볼루션 (2047: Virtual Revolution)
몇몇 인상적인 장면이 있기는 하지만 전체적으로 지루하게 전개된다,2047 버추얼 레볼루션 (2047: Virtual Revolution)
방금 4D로 보고왔습니다. 오른쪽 아줌마는 침튀기며 소리지르고 왼쪽 여친은 무서운 장면마다 제 온몸을 꽉 쥐더군요. 그게 더 무서웠습니다. 완벽한 4D 그 자체더군요,47미터 2 (47 meters down: uncaged)
47미터2 재미있으면 추천 재미없으면 비추천,47미터 2 (47 meters down: uncaged)
“거의 다왔어.” (으악!!!)“우리가 해냈어” (으아아악!!!!),47미터 2 (47 meters down: uncaged)
5명이상 모이면 한명은쓰레기이다- 다 나갈수있었는데 한명때문에 ㅋㅋ,47미터 2 (47 meters down: uncaged)
마지막에 왕따시킨애 바다로밀줄알았는뎈ㅋㅋ,47미터 2 (47 meters down: uncaged)
상어가 눈이없어서 더 무섭고 중간에 몇번 돌연사할뻔..,47미터 2 (47 meters down: uncaged)
진심 재밌다. 상어 영화 중 최고 등급이라 생각한다. 딥블루씨 잼있게 봤다면 무조건 강추,47미터 2 (47 meters down: uncaged)
볼만합니다. 1편은 제한된 공간에서 진행되는 스토리였다면 이번 편은 미로같은 수중 동굴에서 계속 이동하면서 진행됩니다. 좀 예상되는 전개지만 나름 긴장감도 쏠쏠하고 여름이라는 계절을 감안하면 돈아깝진 않습니다.,47미터 2 (47 meters down: uncaged)
관람객 심장 걸레되는줄 진짜 역대급이에요 1편이랑은 또 다른 느깜이네요!!!!,47미터 2 (47 meters down: uncaged)
하.... 쫄깃쫄깃 심장 너덜너덜... 끝나고 나니까 어깨 근육 뭉쳤다. 내가 물속에 있다 온줄.,47미터 2 (47 meters down: uncaged)
왜봐야하나...돈이 심히 아깝다,48시간: 지구 최후의 날 (Anyone but them)
내가 올려줄게계께꼐기,48시간: 지구 최후의 날 (Anyone but them)
알바들에게 속지 말지어다,48시간: 지구 최후의 날 (Anyone but them)
음 굿이다.굿오뉴뉴ㅠㄴ,48시간: 지구 최후의 날 (Anyone but them)
ㅋ키키ㅋ키키ㅋ재밌다재밌어,48시간: 지구 최후의 날 (Anyone but them)
편견없이 본다면 영원히 기억남을 명작을 보게 될겁니다,48시간: 지구 최후의 날 (Anyone but them)
내가 평점 올려 줄게!!,48시간: 지구 최후의 날 (Anyone but them)
꼭 보세요. 너무 재미있습니다.,48시간: 지구 최후의 날 (Anyone but them)
귀여운 터키 국방부 홍보영화에 아낌 없는 찬사를 보냅니다^^ 나쁘지 않아요~,6솔져스 (To Die For)
터키군 홍보 영상물 .. 엉성한 전투씬....,6솔져스 (To Die For)
코로나땜에 집에서 5500원주고 결제했는데 눈이 썩어버렸다,6솔져스 (To Die For)
요즘들어 터키 전쟁영화 자주뜨는데 하나같이 터키뽕맞은 결말임.. 근데 미국뽕처럼 장엄하지도 않고 그냥 그저그런 수준으로 뽕을 빨려하니 R2B느낌나서 시원찮네,6솔져스 (To Die For)
12솔져스 짝퉁. 전쟁신은 노력하였으나 재미가 없다,6솔져스 (To Die For)
18 ㅡㅡ 러시아 영화보다도 못하네 터키국뽕 ㅡㅡ,6솔져스 (To Die For)
쿠르드족 학살하는 주제에 무슨 놈의 테러리스트 응징... 터키 국방부 홍보 만화영화라고 밖에는 볼 수 없습니다.,6솔져스 (To Die For)
"'배달의 기수'가 무척 잘 만들었다는 것을 확인. 생뚱 맞은 폭발장면, 아마추어스런 전투씬, 무엇보다 오그라들어 블랙홀이 될 것 같은 대사들. 나혼자 봤지만 자막을 읽으며 너무 부끄러웠다. 부끄러운 터...",6솔져스 (To Die For)
터키군 홍보 동영상..,6솔져스 (To Die For)
매우 재미났어요~ 전쟁영화 좋아하시는 분들에겐 평타는 치는 영화에요~ 터키영화는 생소하지만 웰메이드라 볼만했어요~,6솔져스 (To Die For)
주인공인 기자의 카메라를 통해 내용이 진행됩니다. 벙커에서의 내용이 주된 소재이기에 전쟁 액션씬을 기대하고 보시면 안될 것 같습니다. 그리고 예상치 못한 전개에 개인적으로는 조금 충격적이었습니다ㅎ,7 솔져스 (Cigarette Soup)
,7 솔져스 (Cigarette Soup)
모야 진심 몬 영화인지 시간 아까워,7 솔져스 (Cigarette Soup)
"본 사람만 평점 달 수 있으면 좋겠네요. 남자를 조롱한 것도 아니고 여성의 삶에 대해 나타낸 영화인데, 왜 성별에 대한 비하와 악플을 다는지 모르겠네요~","82년생 김지영 (KIM JI-YOUNG, BORN 1982)"
"아버지의 삶 고통 이런 소재도 많은데 어머니,여자로서 힘들다는 내용이 뭐가 문제가 되는지 모르겠어요ㅠㅠ 영화나 책을 본 사람들이면 내용이 전혀 남녀 갈등을 조장하는 내용이 아니란걸 알텐데요! 아직 영화는 보지 못했지...","82년생 김지영 (KIM JI-YOUNG, BORN 1982)"
책이든 영화든 본 사람이면 불편할 요소가 없다는걸 알텐데 안 본 사람들이 이렇다 저렇다 논하는게 우습다ㅋㅋ,"82년생 김지영 (KIM JI-YOUNG, BORN 1982)"
"책을 읽지도 않았고, 영화를 보지도 않은 사람들이 손만 바쁘게 움직이면 뭐하니 ㅎ 여기에서 이래봤자 책은 베스트셀러고 영화는 예매율 1위다.","82년생 김지영 (KIM JI-YOUNG, BORN 1982)"
누가보면 이 영화가 남성대상 범죄영화인줄알겠음ㅋㅋ정유미가 희대의 싸이코패스 살인마고 남자만 다 찔러죽이는 그런 영화^^ㅋㅋㅋ 여기에 별 이상한 소리하면서 댓글다는 놈들중에 책 읽은 사람 없을듯..^^ 여자들이 목소리...,"82년생 김지영 (KIM JI-YOUNG, BORN 1982)"
이런 영화를 만들어주셔서 감사합니다.그리고 모든 김지영에게 감사하고 사랑합니다.꼭 보세요 주변에 있는 여자 남자 모두에게 당당하게 홍보하세요.,"82년생 김지영 (KIM JI-YOUNG, BORN 1982)"
보지도 않은 인간들이 별점 테러하러 올 만큼 대단한 영화입니다 꼭 보세요 ^^,"82년생 김지영 (KIM JI-YOUNG, BORN 1982)"
생각할 거리가 많은 영화.세상의 많은 김지영들이 공감할 수 있는 영화.,"82년생 김지영 (KIM JI-YOUNG, BORN 1982)"
세대 상관없이 누구나 공감할 수 있는 이야기 김지영은 누군가의 아내 엄마가 아닌 82년생 김지영으로 살아갔으면,"82년생 김지영 (KIM JI-YOUNG, BORN 1982)"
"돈 안드는짓만 제일 잘하네요 ..,^^","82년생 김지영 (KIM JI-YOUNG, BORN 1982)"
앞에 댓글 쓰신 분들. 정말 같이 죽자는 겁니까?,8년 전쟁: 이란 vs 이라크 (Standing in the Dust)
"왜이란을 두려워하는지알겠다..이란이 이런강렬한 무기와장비를를 활용한다는걸 처음알았음미국의 최신무기를 보는재미도쏠쏠하지만, 처음부터끝까지 짧지만 현대전투씬 쵝오",8년 전쟁: 이란 vs 이라크 (Standing in the Dust)
진심 블랙호크다운 본 사람이라면 강추!!! 존잼이에요!!!,8년 전쟁: 이란 vs 이라크 (Standing in the Dust)
영화자체는괜찮은데 시간이너무짧아서 아쉬웟다 볼만함,8년 전쟁: 이란 vs 이라크 (Standing in the Dust)
댓글 달기위해 로그인 했다. 이게 영화냐 다큐지 그것도 재미나 있음몰라. 1점도 아깝다. 10점준 사람들은 지하드 같다.,8년 전쟁: 이란 vs 이라크 (Standing in the Dust)
댓글 장난허냐..이 OO들아..,8년 전쟁: 이란 vs 이라크 (Standing in the Dust)
아무나 이겨라! 이긴사람 우리편이다. 화이팅!,8년 전쟁: 이란 vs 이라크 (Standing in the Dust)
블랙호크다운을 능가하는 숨은 명작,8년 전쟁: 이란 vs 이라크 (Standing in the Dust)
?,EBS 댄스파티!
아이들이 좋아해요!!!,EBS 댄스파티!
?? 댄스파티요 ??오뚝이 준비 ~ 오뚝이 발싸 ~ 던질까 말까 던지까 마까 든질까 마까 든지까 마까던 던 든 든 던져 든져 ~,EBS 댄스파티!
이게 무엇입니까나아아아ㅔ,EBS 댄스파티!
"멋진차, 고급아파트를 가질수 없어 가난이 나쁜게 아니다. 가난은 그것으로 하여금 인간 생 전체적으로 가능성과 존엄성을 앗아가기 때문에 나쁜것이다.",가버나움 (Capernaum)
뺑반 극한직업보다 2억배 가치있고 의미있는 영화. 작년에 신과함께2독점때매 플로리다프로젝트가 흥행못했다. 진짜 한국영화 스크린 독점현상 심각하다,가버나움 (Capernaum)
기독교 선교자들인가요? 난민보호소에서 노래로 위로하던장면...처음엔 어이없고 욕이 나왔는데 생각해보니 우리 모두를 꼬집은 감독의 의도같기도했어요 진지한 고민도 실질적인 도움도 없는 값싼 동정심으로 끝나는 우리 모두의...,가버나움 (Capernaum)
"자인이 요나스에게 최선을 다하는 모습이, 누군가 자신에게 해줬으면 하고 바라는 최선인 것 같아서 마음이 아팠다. 자인이 요나스를 보내고 돌아오는 버스에서 흘리는 눈물이, 여동생을 잃고 흘리는 눈물이 자기 자신에게 흘...",가버나움 (Capernaum)
"""엄마의 말이 칼처럼 심장을 찌르네요""",가버나움 (Capernaum)
콘돔 보급이 시급하다.. 딸이 죽었는데 그 와중에 또 임신한거 충격이다.. 신이 하나를 데려가면 다른 하나를 주신다는 말은 정신병인가..,가버나움 (Capernaum)
낳기만 하고 기르지 않는 어른들을 향한 한 소년의 외침,가버나움 (Capernaum)
태어나고 싶어서 태어나는 아이는 없다. 모든 아이들은 부모의 욕심이다,가버나움 (Capernaum)
관람객 내 고통이 초라한 이유 ..,가버나움 (Capernaum)
신파 억지 감동과는 비교가 안된다,가버나움 (Capernaum)
이 햐~~ 여주 입 튀어 나온거 봐라~~,가슴 큰 형수
'비플릭스' 사이트에서 이 영화를 봤는데 재밌었어요 ㅎㅎㅎ,가슴 큰 형수
스포일러가 포함된 감상평입니다. 감상평 보기,가슴 큰 형수
스토리가 만들다가 만 느낌,가슴 큰 형수
스토리는 조금 신선했다.,가싶녀
단순한 로맨스 영화가 아니다,가장 보통의 연애 (Crazy Romance)
"관람객 연애와 직장, 모든것에 공감하며 미친듯이 웃다가- 현실적인 대사들에 뼈 후려맞고 살짝 아파하는 나를 발견...☆ 최근 본 코미디/로맨스 장르 영화 중 가장 잘 나온 듯",가장 보통의 연애 (Crazy Romance)
관람객 소오올찍히 그냥 저냥한 로코물인줄 알았는데 왜 공효진이 로코장인이라고 불리는지 또 깨닫게 해줌. 공효진 김래원 케미가 상상이 안됐는데 김래원의 재발견임ㅋㅋㅋ쓰면서도 웃김 김래원이 자꾸 생각나섴ㅋㅋㅋ간만에 볼거없는 ...,가장 보통의 연애 (Crazy Romance)
"재훈: ""남자랑 여자랑 같애?"" 선영: ""같지! 다르다고 배웠니 넌?"" ...",가장 보통의 연애 (Crazy Romance)
"2012년 건축학개론을 보며 내 10대시절의 첫사랑의 향기를 느꼈다면, 2019년 가장보통의연애를 보며 내 현재 30대 사랑을 볼수있다.. 실제로 나도 같은 직장을 다니며 함께 술을 먹던 술 친구가 이젠 아내가 되어...",가장 보통의 연애 (Crazy Romance)
영화가 술 처먹다 끝나네요 ㅋㅋㅋ,가장 보통의 연애 (Crazy Romance)
진짜 재밌어요.. 꼭보세요김래원 공효진 조합은 정말 최고 조연분들 연기도 최고!! 단순한 로맨틱 코미디 영화가 아니라 정말 현실적이고 많이 느낄수 있었어요 진짜 재밌게 잘봤습니다ㅠㅠ,가장 보통의 연애 (Crazy Romance)
관람객 공효진이랑 김래원 케미 미쳤다 ㅋㅋㅋㅋ 입모양게임하는거 보고 웃겨 죽을뻔 ㅠㅠ 팍팍한 삶에 한줄기 빛과 소금같은 영화였습니다...☆,가장 보통의 연애 (Crazy Romance)
"술로 시작해서 술로 끝나는 영화공감할수가 없었고 술을 안마시면 극복못하고, 술 마시면 개가되어 실수하고, 그러다가 사랑이 싹트고?? 별로였어요ㅎㅎ",가장 보통의 연애 (Crazy Romance)
공감이 별로안되는 ...생각보다 별로였어요. 이게 무슨 주변에 있는 평범한 연애라는건지;;; 술말고 맨정신엔 연애가 안되고 실연의 상처를 치유하기 힘든가요?,가장 보통의 연애 (Crazy Romance)
혼자영화관빌려서마음껏웃으며봤어요..제친구에게영화제목을 예기해줬을때 뭐?깔까부다?라고 해서엄청 웃었는데.. 은비씨 아버지라면 그 복식호흡으로...,갈까부다 (Wish you were here)
관람객 고봉수사단들 코미디 날연기가 괜히 나온게 아니구나ㅋㅋㅋㅋ 고봉수감독 뻔뻔함 갑,갈까부다 (Wish you were here)
아니 그래서 어떤방법으로 봐야 볼수 있는거냐 대체,갈까부다 (Wish you were here)
갈비뼈 금갔다고 했을때... 아... 이 사람 사기꾼이네... 싶더라...,갈까부다 (Wish you were here)
진짜 완전 단짠 ㅋㅋㅋ 진짜 개리얼하다,갈까부다 (Wish you were here)
영화 재미있게 봤어요 정말 코믹하고 진짜같은 애뜻함이 뭍어나네요,갈까부다 (Wish you were here)
영화 보다가 운건 서편제 이후로 처음이네..,갈까부다 (Wish you were here)
9.17일 전주독립영화관에서 봤습니다. 재미있었습니다. 생각할 주제도 던져주었구요.,갈까부다 (Wish you were here)
웃다가 우는건 거기에 털 안나죠?,갈까부다 (Wish you were here)
주인공 친구 두 명이 너무 재미있어요 ㅋㅋ 그리고 부럽습니다 감독님,갈까부다 (Wish you were here)
"관람객 나문희님은 원래부터 믿고보는 배우였지만, 김수안 배우는 ㄹㅇ 깜짝 놀람ㅠ 연기 너무 잘해서 눈물 줄줄 흘리고 왔습니다,,,",감쪽같은 그녀 (A Little Princess)
관람객 괜히 아침부터 봤다가 눈물바다 됨,감쪽같은 그녀 (A Little Princess)
병원에 계신 할머니 생각도 나고 너무 슬퍼요.그런데 스토리가 진부해요..평점이 다 10점인건 이해가 잘..약간 억지웃음코드 유발장면이 많구요.옛날 신파극 같은 느낌이에요.나문희 배우님 연기는 최강 인정입니다.,감쪽같은 그녀 (A Little Princess)
관람객 휴지 꼭 챙겨가세요... 눈물콧물 다 흘리고 왔어요. 연말에 보기 좋은 영화네요. 힐링했습니다.,감쪽같은 그녀 (A Little Princess)
모든 배우분들 사투리가 너무너무 어색하고그로인해 영화 집중도 안됫지만 스토리도너무 중구난방 이네요...두 주연분들 믿고 봤지만 실망의 연속...,감쪽같은 그녀 (A Little Princess)
"부산사람인데, 진짜 농담안하고 소름돋게 사투리연기가 다들 엉망진창이라 보다가 지금 나와서 쓰고있습니다. 너무 싫어요. 대체 씨잘데없이 사투리는 왜자꾸 안되는걸 다같이 안되면서 쓰고있는건지 알수가없네. 스토리가 어떤지...",감쪽같은 그녀 (A Little Princess)
관람객 웃음코드도 많았고 울기도 많이 울었네요ㅠㅠ 혼영이었는데 기회가 된다면 가족이랑 한 번 더 보고싶습니다..,감쪽같은 그녀 (A Little Princess)
배우들 재능낭비.21세기에 어떻게 이런 영화가 나올 수 있을까..,감쪽같은 그녀 (A Little Princess)
전 왜 눈물이 안나죠.... 할머니와 산 시간이 얼마되지않아서 그런가.. 억지스러운면이 있는거같아요 배우분들 연기는 좋은데 사투리가 좀 어색하고요 대사도 조금 안들리는 부분이 있었어요.. 엄마에 대해 더 자세히 나왔...,감쪽같은 그녀 (A Little Princess)
작위적이고 억지스럽고,감쪽같은 그녀 (A Little Princess)
여주 얼굴이랑 몸매가 괜찮고 뻔한 스토리인줄 알았는데.. 나름 짜임새 있고 구성이 좋습니다. 성인영화 중에 이상수감독 영화는 믿고 볼수 있는 듯,강남 며느리
볼만했다.돈은 아깝지 않은...,강남 며느리
나름 재미도 있고 여배우가 이쁨 감독의 연출이 좋음,강남 며느리
왜 항상 홍상수영화엔 늙은이 꼰대새끼와 젊고 호기심많은 젊은 여성들만 나오는가?,강변호텔 (Hotel by the River)
관람객 죄송합니다 보다 졸앗어요..,강변호텔 (Hotel by the River)
"대충 흑백컬러에 아리까리 알송달송하게 만들어 놓으면, 아무것도 아닌거에 미친듯이 의미부여 하면서, 이런게 영화지, 이런게 예술이지 하면서 자위하는 사람들이 매우 좋아 할 영화.",강변호텔 (Hotel by the River)
재미가 없어요.... ㅠㅠ,강변호텔 (Hotel by the River)
홍상수는 이렇게 무너진다.,강변호텔 (Hotel by the River)
언제헤어지냐 둘이 존나 웃기노,강변호텔 (Hotel by the River)
감독이니까 그래 영화는 계속만들겠지. 근데 이딴영화 배급하는회사는 어디냐 한심하다.,강변호텔 (Hotel by the River)
올해는 쓰레기 영화가 많네요,강변호텔 (Hotel by the River)
뻔하고 뻔뻔하고 역겹다,강변호텔 (Hotel by the River)
"홍상수, 김민희는 미쳤다치자. 이런 영화에 출연하는 배우들, 스텝들은 도대체 무슨 생각일까? 그들마져 싫어지려한다.",강변호텔 (Hotel by the River)
벤포스트 영화는 다 재밌지..뭔가 고독한 마초이미지. 펜도럼이 제일 재밌었음.엘르패닝은 이제 다코다를 넘어버렸네,갤버스턴 (Galveston)
록키 인생 처음부터 끝까지 너무 비참한거 아니냐. 아무리 영화지만 너무했다.,갤버스턴 (Galveston)
갤버스턴 해안씬 너무 좋았다.. 또 다시 보고픔ㅠㅠ,갤버스턴 (Galveston)
이렇게 가슴아픈영화를.. 박평식의 평보고 수준이하라고 생각했다,갤버스턴 (Galveston)
벤 포스터의 매력이 대단,갤버스턴 (Galveston)
세상이 외면해버린 이들의 삶은 폭풍우만큼이나 거칠다. 갤버스턴의 파도는 무심하게 부드럽다. 거친 것과 부드러운 것이 만나면 그렇게 눈물겹고 아름다울 수가 없다.,갤버스턴 (Galveston)
"김새론의 아저씨와 포트만의 레옹까지, 동서양을 막론하고 순정마초에 대한 로망은 꾸준히 먹히는 소재인 듯... 빈약한 스토리를 배우의 연기가 살렸다.",갤버스턴 (Galveston)
ㅇ ㅏ 제주도 사는데 상영관이 없다는게 말이되냐? ㅈㄴ열받네 개보고싶은대,갤버스턴 (Galveston)
엔딩 진짜 ㅈ같은데 연기가 지림,갤버스턴 (Galveston)
아프게 아름다웠던 기억,갤버스턴 (Galveston)
엄청 크네유....대박!!,거유 장모와 실제로 느끼는 사위 (An obscene mother-in-law)
거유는 누구든 환영합니다!,거유 장모와 실제로 느끼는 사위 (An obscene mother-in-law)
강추드립니다. 거유충들은 필감.!!,거유 장모와 실제로 느끼는 사위 (An obscene mother-in-law)
인간적으로 넘크다.. 우리나란 거유 없나,거유 장모와 실제로 느끼는 사위 (An obscene mother-in-law)
살면서 본거중에 제일큰듯 미쳤다 레알 ..,거유 장모와 실제로 느끼는 사위 (An obscene mother-in-law)
포스터마저 이정재 신하균주연 빅매치 포스터 표절ㅋㅋ,건달티처
아무리 저예산이라도 연출좀 똑바로 해라. 이따위 감독한테 돈을주냐? 그돈으로 기부나 해라 ~~,건달티처
영화를 퇴보시키는 자들.,건달티처
만든 사람이나 연기를 한 사람이나 이불킥 안했을까? 손발 오그라들어 보기 힘듦...,건달티처
진짜 태어나서 제일 쓰레기 같은 영화였어요 역겨워서 못보겠습니다 별 반도 아까워요 그러니 감독아 제발 현실을 좀알고 영화를 만들자 현실에는 저렇게 하는 사람이 어딨냐 말투부터 싸우는 액션 역겹다 정말로 ㅋㅋㅋ 배우들...,건달티처
문어다리는 8갠데[.... 10개라고함.ㅜㅜ,건달티처
평이 쓰레기라 13579띄엄띄엄 봤는데도 시간이 아깝네 백수인생 5년중 최고의 시간낭비였다,건달티처
적당히해라 쫌 캬악퉤 시간버리고 눈버리고,건달티처
살다살다 이렇게 쓰레기 학원물 영화는 처음 봄... 모범생 출신이 일진이나 불량 학생들의 세계관을 전혀 모르고 동화 같이 만든 영화... 출연자들이 돈 모아서 이름 알리려고 만든 영화가 아닌가 착각까지 들 정도......,건달티처
왜 0점은 없죠?영화찍을 돈으로 불우이웃이나 도와줬으면 욕이라도 안먹을듯,건달티처
정말 잘 만든 영화네요!!!,걸작 (MASTERPIECE)
와 정말 신인감독같지 않은 스토리 전개 루즈하지않은 연기 하지만 아직 다듬어지지않은 영상이 조금 아쉬웠습니다 다음작품 기대하겠습니다.,걸작 (MASTERPIECE)
캬 ~~~ 날도더운데 시원합니다~~,걸작 (MASTERPIECE)
ㅋㅋ마지막 찰리채플린컨셉,걸작 (MASTERPIECE)
존나 웃기다 !!꼭보세여,걸작 (MASTERPIECE)
이런 영화너무좋아요!! 스탭분들의 노력이 보입니다! 잘봤습니다?,걸작 (MASTERPIECE)
평점 준 사람들 다 지인들인가봄,걸작 (MASTERPIECE)
애드립으로만 만들어진 영화라는게 믿겨지지않네요 ㅎㅎ 새로운 장르인거같아요 보지못했던 영화라서 재밌어요! 다음 영화가 기대됩니다~ 최진욱 감독님 화이팅!,걸작 (MASTERPIECE)
와~이런 영화너무좋아요~,걸작 (MASTERPIECE)
이거 완전 미친 코미디 아니냐,걸작 (MASTERPIECE)
이 영화를 다 본 제가 10점을 받아야겠습니다,걸캅스 (Miss & Mrs. Cops)
이미 출연진이 다 말했잖아요~~~,걸캅스 (Miss & Mrs. Cops)
관람객 이걸 본 내가 레전드. + 각본 유출된거 사실이었네요,걸캅스 (Miss & Mrs. Cops)
관람객 이런류의 영화들중에 최악 중에 최악의 영화였습니다..,걸캅스 (Miss & Mrs. Cops)
관람객 엄마랑 재미있게 봤어요 추천!,걸캅스 (Miss & Mrs. Cops)
관람객 진짜 겁나 웃음 수영이 욕을 진짜 찰지게 잘하는데 그동안 여돌이라고 얼마나 참았을지 생각하면 통탄스러워서 무릎을 탁 침 언니 제발 연기 계속해주세요 수영 말고도 배우들 케미 오졌음,걸캅스 (Miss & Mrs. Cops)
관람객 재밌네요 정말 재밌게봤습니다,걸캅스 (Miss & Mrs. Cops)
관람객 방금 봤는데 또 보고 싶어지는 영화 너무 재밌어요,걸캅스 (Miss & Mrs. Cops)
관람객 중반이후 부터 재미 있었습니나. 초반은 지루해서나올 뻔 했는데 나왔으면 크게 후회 할 뻔 했네요,걸캅스 (Miss & Mrs. Cops)
관람객 웃음과 메세지 둘다 잡은 영화,걸캅스 (Miss & Mrs. Cops)
관람객 우지현배우와 이건우배우는 연기를 아주 오래오래 해줬으면 좋겠다. 계속 보고싶은 배우들이다.,검은 여름 (Black Summer)
극의 흐름이 살짝 소극적이어서 아쉽네요. 좀 더 극명하게 보여줘도 좋을 법했는데,검은 여름 (Black Summer)
클리셰 범벅. 그렇지만 동성애를 다루는 영화라는 점에서 의미 있다,검은 여름 (Black Summer)
동성애에 관심 많은분들이 보면 좋을 영화네요!,검은 여름 (Black Summer)
다양한 시선의 중요성을 보여줌,검은 여름 (Black Summer)
관람객 최고였습니다! 더 좋은 영화 만들어주세요,검은 여름 (Black Summer)
동성애 이해할 수 없던 사람이 보아도 ‘아름다운 사랑 영화’,검은 여름 (Black Summer)
우리 나라에도 언젠가는 밝은 lgbt 영화가 나오길 기대하며...,검은 여름 (Black Summer)
검은하늘이였다 이것이야말로 검다,검은 여름 (Black Summer)
,검은 여름 (Black Summer)
올라프의 1편요약이 기가맥힙니다,겨울왕국 2 (Frozen 2)
크리스토퍼 뮤비에서 좀 흠칫함,겨울왕국 2 (Frozen 2)
관람객 미래가 보이지 않을 때는 지금 해야할 일을 해야 해,겨울왕국 2 (Frozen 2)
관람객 나는 개인적으로 2편이 더 좋았음. 더 깊어진 스토리에 아름다워진 영상미. 한번 더 볼 의향 있음.,겨울왕국 2 (Frozen 2)
엘사옷 보고 어머니들 긴장하는 영화,겨울왕국 2 (Frozen 2)
애기들 울고 떠들고 하는거 보고 엘사 마법으로 얼릴뻔 했네요,겨울왕국 2 (Frozen 2)
관람객 크리스토퍼 혹시 과거에 뮤비찍어본적 있니?왜 이렇게 잘해??...순간 당황했잖아,겨울왕국 2 (Frozen 2)
백마탄 엘사님 Show yourself 장면 진짜 개오집니다 단언컨데 제2의 렛잇고는 into the unknown 아니고 Show yourself 입니다,겨울왕국 2 (Frozen 2)
엘사 물 속에서 말타고 나올 때 대박ㅋㅋㅋㅋ,겨울왕국 2 (Frozen 2)
관람객 겨울왕국 역시는 역시였다. OST도 1편만큼이나 중독성있다고 생각함ㅋㅋㅋ1편만큼 존잼임,겨울왕국 2 (Frozen 2)
"씨네큐브 16:10 계신 여성 어르신 관객분 2분. 넷플릭스가 아니라 극장에서 보기위해 일부러 먼 원정을 왔습니다. 공기와 대사마저 중요한 영화는 삐삐거리는 카톡음, 휴대폰 벨소리로 망쳐놓아 상당히 갑갑합니다. 극...",결혼 이야기 (Marriage Story)
"당신의 장점은 수십 가지가 있지만, 우리가 이별하게 된 건 당신의 단점 하나 때문..",결혼 이야기 (Marriage Story)
작은 칼은 너무 작아 장난감처럼 보이지만 모든 칼은 날카로운 날을 가진 무기다.,결혼 이야기 (Marriage Story)
"한때 내가 가장 사랑했던 사람과 앞으로 비록 같은 길을 걸을 수는 없더라도, 그가 넘어지지 않도록 풀린 운동화 끈을 매줄 수 있다면...",결혼 이야기 (Marriage Story)
"환경이 둘을 이혼으로 밀어붙이고, 서로에게 생채기를 남긴다. 남편은 소송에서 불리하기에 졌다고 생각하고, 아내는 자신이 더 사랑했기에 졌다고 생각한다. 저주는 이기적인 남편이 퍼붓지만, 위로는 아내가 한다. 둘이 폭...",결혼 이야기 (Marriage Story)
서로 고함치며 싸울때 넘 마음 아팠다. 상대방 상처 받으라고 내뱉은 말에 결국 본인이 무릎꿇고 울던 장면이 인상 깊었음...,결혼 이야기 (Marriage Story)
나를 가장 잘 아는 사람이 가장 깊은 상처를 낼 수도 있음을,결혼 이야기 (Marriage Story)
관람객 마치 연극을 한편 본듯했다. 스칼렛요한슨과 애덤드라이버 두 배우만으로도 볼만한 가치가 있었던.. 정말 현실연기가 압권이었다.,결혼 이야기 (Marriage Story)
관람객 “나는 너의 아빠를 처음 본 2초만에 사랑에 빠졌지.”,결혼 이야기 (Marriage Story)
관람객 스포일러가 포함된 감상평입니다. 감상평 보기,결혼 이야기 (Marriage Story)
관람객 근래 영화들 중 가장 놀라움을 선사하는 이 영화는 외로운 자가 가장 많은 것을 본다는 판타지의 탄생 원리를 보란 듯이 담아낸다.,경계선 (BORDER)
"관람객 시각적으로는 불쾌하면서도 아름다운 경험, 내용적으로는 애틋하면서도 역겨운 이야기입니다. 그렇게 시각적/내용적으로 온갖 경계선을 넘나드는, 모순적이면서도 참신한 감정과 심상들을 맛보게 해주는 영화입니다.",경계선 (BORDER)
정말 내가 뭘보고 있는거지하고 생각하게했음.,경계선 (BORDER)
"관람객 우리들은 '평균','보편' 또는 '정상'이라는 이름으로, 얼마나 많은 경계선을 세웠고 또 세우고 있는 것일까?",경계선 (BORDER)
스포일러가 포함된 감상평입니다. 감상평 보기,경계선 (BORDER)
"관람객 찐러브는 내 자신이 누군지 알게 하고, 이전에 없던 자유를 경험하게 한다.그건 인간이나 크롤이나 같다.",경계선 (BORDER)
"충격적이고 난해하지만 너무 좋다. 정상과 비정상, 주류와 비주류. 과연 어떤 경계와 기준으로 나누는 것인가. 여운 오래 남을 듯 싶다. 이 사랑 참 아름답다.",경계선 (BORDER)
나쁜 트롤 착한 트롤 착한 인간 나쁜 인간 남녀의 구분 모든 틀이 없네,경계선 (BORDER)
오랫만에 영화같은 영화를 만났다 배우들의 연기는 소름 돋았고 모든 경계를 허무는 이야기는 보는 내내 시선을 끌었다,경계선 (BORDER)
한동안 멍하게 만드는 영화 굉장히 특이하고 아름답고 좋았다 티나야 너의 삶을 응원해 너는 너 자체로 완벽해,경계선 (BORDER)
재밌게 봤어요!! 윤혜리 배우님 연기가 진짜 좋았습니다.,계절과 계절 사이 (Between the Seasons)
마지막 눈내리는 카페에 그녀가 왔으면했다,계절과 계절 사이 (Between the Seasons)
와 왜 이런 영화가 화자되지 않은거지...?? 이영진 배우님 연기 너무 좋았습니다..,계절과 계절 사이 (Between the Seasons)
누구나 스스로 빛날 수 있는 세상이 되기를,계절과 계절 사이 (Between the Seasons)
몰입도 높게 잘봤습니다!,계절과 계절 사이 (Between the Seasons)
"이런 영화를 1700명밖에 안 보다니, 안타까운 현실. 돈만 처바른 영화들보다 이런 영화가 훨씬 재미있고 여운을 남기는데...여배우 두 사람의 연기가 좋다. 특히 예진이 눈빛 연기가 좋다.",계절과 계절 사이 (Between the Seasons)
윤혜리 매력있다 윤혜리 목소리 또듣고싶다,계절과 계절 사이 (Between the Seasons)
한 사람마다의 고민이 전달된 영화. 왜 인지 가슴이 계속 쿵쿵거린 느낌을 받았다. 본인의 삶에 대한 선택과 고민 그리고 어쩌면 책임까지도 느껴진 영화. 배우들의 표정 연기가 돋보인 영화.,계절과 계절 사이 (Between the Seasons)
"사랑이 뭔지 잔잔하게 말해주는 영화, 배우들의 연기도 좋고, 스토리도 참 좋았습니다. 보고 나서 오래 여운이 남네요.",계절과 계절 사이 (Between the Seasons)
감사합니다. 많이 공감하고 많이 슬프네요.,계절과 계절 사이 (Between the Seasons)
중국 영화가 나아갈 방향은 '황후화' 라 생각함.,고검기담: 소명신검의 부활 (Legend of the Ancient Sword)
다이하드2 클리프행어 만든 감독이라는게 믿기지가 않는다,고검기담: 소명신검의 부활 (Legend of the Ancient Sword)
레니할린이 헤라클레스로 말아먹고 중국으로 튀어 이런거나 만드는구나.,고검기담: 소명신검의 부활 (Legend of the Ancient Sword)
이 영화는 할리우드같이 처음엔 화려한걸 보여줘서 먼가 판이 큰줄알았는데 갈수록 좁아지는 영화다 내가 이 영화를 보면서 무슨 스토리인지 왜 싸우러가는지 이해가 안감 스토리를 모르겠지만 끝까지보긴했다 몇번 나눠서 봤...,고검기담: 소명신검의 부활 (Legend of the Ancient Sword)
레니할린.... 컷스로드 아일랜드. 롱키스굿나잇. 다이하드2. 이런게 생각나는데...헹님아. 용돈 떨어졌냐? 이딴 쓰레기 영화나 만들고,고검기담: 소명신검의 부활 (Legend of the Ancient Sword)
스포일러가 포함된 감상평입니다. 감상평 보기,고검기담: 소명신검의 부활 (Legend of the Ancient Sword)
에이.. 눈버렷다. 캐치온은 뭔 새영화에 이딴걸 처넣냐,고검기담: 소명신검의 부활 (Legend of the Ancient Sword)
"왠만하면 중국영화 재밋게보는데, 이건 좀 너무하네. 액션외엔 볼거리 1도 없음",고검기담: 소명신검의 부활 (Legend of the Ancient Sword)
액션 너무 티나잖아... 게다가 긴장감 전혀 없는 유아용 판타지..ㅜㅜ,고검기담: 소명신검의 부활 (Legend of the Ancient Sword)
CG도 개판이고 초반부터 몰입이 안됌,고검기담: 소명신검의 부활 (Legend of the Ancient Sword)
나두 모르게 코골며 악령에게 빨려드러간다,고골: 악령과의 전쟁 (Gogol.Viy)
전편의 장점은 사라지고 지루한 마법만이 남았다,고골: 악령과의 전쟁 (Gogol.Viy)
러시아 영화는 왜 이렇게 하나 같이 재미가 없고 결말도 이 모양이냐?,고골: 악령과의 전쟁 (Gogol.Viy)
그냥 평범한 영화임,고골: 악령과의 전쟁 (Gogol.Viy)
관객수51명그분들 존경하십니다~~!!,고골: 악령과의 전쟁 (Gogol.Viy)
별 한개도 아깝다....,고골: 악령과의 전쟁 (Gogol.Viy)
나쁘지 않았어 그정도? 다음편에서 얼마나 해답을 줄지? 반전을 줄지? 모르겠지만 다음편에서 얼마나 해답을 줄지 기다린다 에서 6점 일딴 던짐...,고골: 악령과의 전쟁 (Gogol.Viy)
너무재밋엇다 ㄹㅇ 말이필요없다 무조건보셈 띵작임,고골: 악령과의 전쟁 (Gogol.Viy)
마녀의관 이런거 좋아하는데 신선하네 끝까지 신비롭던 고골 ~재밉게봐씀,고골: 악령과의 전쟁 (Gogol.Viy)
선평점 후다운로드,고골: 악령과의 전쟁 (Gogol.Viy)
시사회에서 봤는데 애들이 좋아해요...,고릴라와 슈퍼레이스 (Louis & Nolan: The big Cheese Race)
아이들이 너무 재미있게 봤다면서 좋아했어요,고릴라와 슈퍼레이스 (Louis & Nolan: The big Cheese Race)
재밌었어요.요즘 아이들 보는 영화 자극적인 소재가 많은데 따뜻했습니다^^,고릴라와 슈퍼레이스 (Louis & Nolan: The big Cheese Race)
아이들이 재미있게 봤네요평화로운 마을 모습도 예쁘고경기를 준비하는 루이스도 귀엽구요~~애들은 뺏긴치즈를 다시 만드는 장면도 기억에 남는다고 하더군요~~^^,고릴라와 슈퍼레이스 (Louis & Nolan: The big Cheese Race)
관람객 기대안하고 갔는데 엄마인저까지 집중해서 봤네요~아이들에게 좋은 메세지도 담겨있는 영화였어요,고릴라와 슈퍼레이스 (Louis & Nolan: The big Cheese Race)
관람객 아이가 재밌게 봤어요 ~~,고릴라와 슈퍼레이스 (Louis & Nolan: The big Cheese Race)
관람객 아이들이랑 보기에 좋습니다.,고릴라와 슈퍼레이스 (Louis & Nolan: The big Cheese Race)
관람객 겁많은 6살 딸아이와 봤는데 무섭지않게 재미있게 잘봤어요~,고릴라와 슈퍼레이스 (Louis & Nolan: The big Cheese Race)
조카가 너무 좋아하네요~ 어릴때 봤던 애니메이션들도 떠오르고ㅎㅎ 흥미로웠어요~,고릴라와 슈퍼레이스 (Louis & Nolan: The big Cheese Race)
재미도 있고 교육적이라 조카들과 보기에 좋은 애니메이션으로 강추합니다!!,고릴라와 슈퍼레이스 (Louis & Nolan: The big Cheese Race)
세상 참 내 맘대로 되는게 없다..!!,고봉수 감독 단편선
고봉수사단의 시작. 이때부터 싹이보였군,고봉수 감독 단편선
우리 현실에서 약자들의 삶을 잘 표현한 작품이라 공감이 갑니다,고봉수 감독 단편선
험악하고 더러운 뒷골목에사는 좋은사람들,고봉수 감독 단편선
고봉수감독의 영화가 좋다,고봉수 감독 단편선
다 보고 나면 겨울이 그립고 또 기다려지네요,고봉수 감독 단편선
진짜로 X나 보고싶다,고봉수 감독 단편선
이럴 줄 알았잖아. 다 아는 사람들끼리 이거 왜 이래. 이웅빈은 영어만 잘하는 줄 알았더니 연변말도 잘해.,고봉수 감독 단편선
진심 고봉수는 천재임.,고봉수 감독 단편선
기다려! 너 내가 이 과자떼기 하나먹으려고 얼마나 기다렸는줄알아? 레알 웃김,고봉수 감독 단편선
고양이키우는사람들은 감정이입이 잘됩니다 다 큰 남자 혼자가서 펑펑울다왔네요 영화 좋았습니다.,고양이 여행 리포트 (The Travelling Cat Chronicles)
영화 엄청 좋은 작품인데 상영관수가 왜케 적어요????,고양이 여행 리포트 (The Travelling Cat Chronicles)
너무 감동적ㅠㅠ 반려동물을 안키우는 사람이 봐도 좋을 영화네요,고양이 여행 리포트 (The Travelling Cat Chronicles)
고양이 덕후에게 추천금방 몰입됨,고양이 여행 리포트 (The Travelling Cat Chronicles)
남주가 자꾸 cf찍듯 미소짓는게 넘 불편. 고양이가 연기 제일 잘 함. 조연 중 연기 오래 한 배우들 많았는데 왜 이리 어색한지.. 연출 실패인듯.. 정말이지 너무들 연기를 못해서 이런 연기에도 울고 있는 내 자신이...,고양이 여행 리포트 (The Travelling Cat Chronicles)
집사라면 반드시 봐야 할 영화...! 집에 있는 고양이 녀석이 아무리 털을 날려대도 꼭 끌어안고 사랑한다 말해주세요.ㅠ,고양이 여행 리포트 (The Travelling Cat Chronicles)
기름종이 보고 울음 터뜨릴 때는 심장이 멎을뻔 했어요. 저물어 가는 냄새라는 표현도 슬펐고요. 많이 울었지만 그래도 가슴한켠 따뜻해지는 영화였답니다. 엔딩 크레딧 꼭 보고 나오세요. 노래가 정말 좋았고 중간중간 나오...,고양이 여행 리포트 (The Travelling Cat Chronicles)
"고양이 입장에서 말하는게 재치있고 정말 저런 생각할까 싶더라구요 초반부터 중간중간 슬픈 장면 있어서 훌쩍였는데 후반부에서 정말 절정으로 슬퍼서 소리안내고 우느라 힘들었어요ㅜㅜㅜ반려동물이 있는 분, 동물을 사랑하는 분...",고양이 여행 리포트 (The Travelling Cat Chronicles)
고양이 키우는 사람들은 눈물없이 못볼 영화. 고양이는 귀여웠지만 남주 인생 너무 기구하다...,고양이 여행 리포트 (The Travelling Cat Chronicles)
상영관이 왜이렇게 없나요...,고양이 여행 리포트 (The Travelling Cat Chronicles)
콩 : 야ㅋㅋㅋㅋ 얘랑 싸우라고?,고질라: 킹 오브 몬스터 (Godzilla: King of the Monsters)
정신나간 엄마의 이승탈출 프로젝트,고질라: 킹 오브 몬스터 (Godzilla: King of the Monsters)
고질라 : 방사능 한잔했습니다..인간들 연기가 별로일수도 있습니다..하지만 고질라 이거하나만 기억해주십쇼,고질라: 킹 오브 몬스터 (Godzilla: King of the Monsters)
관람객 괜찮았는데 내 뒤에 왼쪽으로 앉은 돼지새끼가 영화 120분이 넘도록 계속 처먹어서 바스락 거리고 접쩝거리고 봉지과자 소리 겁나 내고 영화에 집중을 못하게 만들어서 짜증났음 덕* 메가박스 5/29 18:20 영화 혼자...,고질라: 킹 오브 몬스터 (Godzilla: King of the Monsters)
로단 이 녀석 사회생활좀 했구나?,고질라: 킹 오브 몬스터 (Godzilla: King of the Monsters)
스케일 대박임 진짜 고질라 멋있음ㅋㅋㅋㅋ,고질라: 킹 오브 몬스터 (Godzilla: King of the Monsters)
관람객 영상통화 중에 나오는 중요한 대사 씹어먹기 + 고유명사를 제멋대로 번역함... 박지훈이 또...,고질라: 킹 오브 몬스터 (Godzilla: King of the Monsters)
살다살다 나방 때문에 울컥해보네요..,고질라: 킹 오브 몬스터 (Godzilla: King of the Monsters)
영화평점 남기는데다가 추천 비추천 이런것좀하지마라 영화에대한 평점을 남기라고..,고질라: 킹 오브 몬스터 (Godzilla: King of the Monsters)
관람객 모스라 귀엽다. 주연으로 영화 언제 나오냐,고질라: 킹 오브 몬스터 (Godzilla: King of the Monsters)
고흐의 삶을 통째로 녹여버린 이 아름다운 영화에 대한 평이 1도 없다는거가 너무 슬프다....당신들과 같이 느끼고싶을뿐이다. 이 감동을....,"고흐, 영원의 문에서 (At Eternity's Gate)"
"고흐 자화상이랑 싱크로율 무엇,, 진짜 고흐가 살아있는 것 같아요ㅠㅠ","고흐, 영원의 문에서 (At Eternity's Gate)"
내용과 연기 시나리오 좋은데 카메라 기법 속이 울렁거린다,"고흐, 영원의 문에서 (At Eternity's Gate)"
지금까지 반 고흐를 다룬 많은 영화 중에서 고흐의 내면에 깊이 침잠한 손꼽는 수작. 내 재능은 후대를 위한 것이라 읊조리는 단호함과 어린아이처럼 사랑을 갈구하는 처연함이 그에 대한 애틋함을 더한다. 윌렘 대포는 그만...,"고흐, 영원의 문에서 (At Eternity's Gate)"
윌렘대포의 미친듯한 여기력에 또한번 박수를 보낸다.영화의 색감에서 감독의 노력과 정성이 느껴진다.,"고흐, 영원의 문에서 (At Eternity's Gate)"
"관람객 개인적으로 ""고흐의 인생에서 배울 수 있는 점""을 찾으러 갔다가 중반 이후부터는 한 영혼이 살다간 ""고흐""의 인생 자체를 사랑하게 만들어준 영화. 그의 삶 자체에 존경의 마음을 보냅니다....","고흐, 영원의 문에서 (At Eternity's Gate)"
고흐의 인생을 아는분껜 최고의 영화고흐의 그림만 아는분껜 최고의 수면제,"고흐, 영원의 문에서 (At Eternity's Gate)"
카메라와 소리를 통해 고흐가 바라보았을 세상을 보여준다.,"고흐, 영원의 문에서 (At Eternity's Gate)"
빈센트 30대인데... 고뇌하는 젊은이인데ㅠㅠ60대배우가 연기하다니요ㅠㅠ너무 늙게나와서 가장 아쉽네요 ..연기는 좋았지만 사람들이 고흐 할아버지인줄 알겠어요ㅠㅠ,"고흐, 영원의 문에서 (At Eternity's Gate)"
고흐의 고독과 불안이 내 안으로 흘러 들어왔다.,"고흐, 영원의 문에서 (At Eternity's Gate)"
하 진짜 감독 처치하고싶다,공포의 묘지 (Pet Sematary)
공포의 트럭이네요 트럭말고는 특별히 무섭지가않습니다,공포의 묘지 (Pet Sematary)
알바생들 다 꺼지고 4.10일 CGV에서 22:20분 영화로 보고 오자마자 작성합니다.영화감독이 맞나 싶을 정도로 스토리에 개연성이 1도 없고 떡밥만 던져놓고 회수도 없이 허무하게 엔딩을 끝내버렸습니다.이거 볼 돈으...,공포의 묘지 (Pet Sematary)
죽었던 고양이가 살아 돌아와 어떻게 변했는 지 알면서도 아빠가 딸을 굳이 살리려 한 개연성이 부족해 보였음,공포의 묘지 (Pet Sematary)
관람객 트럭이 제일 무섭네;;;;,공포의 묘지 (Pet Sematary)
나름 공포영화 챙겨보는 매니안데 평점댓글보고 완전 별론가보네 하면서 봤드만 예상보다 재밌었음. 엄청난 수작은 아니라도 개망작도 아닌거 같은데 왤케 평가가 안좋지; 난 강추까진 아니라도 볼만했음,공포의 묘지 (Pet Sematary)
죽은사람 건들지마라 혼난다,공포의 묘지 (Pet Sematary)
평점 높게준애들 평 써놓은거보면 알바티 팍팍 나지않나? 낚이지말고 보지마세요... 공포영화 매니아인데다 초반평점 괜찮은거보고 봤는데 B급 수준도 못되는 저질입니다 개연성 부족한건 공포영화니 감안할수 있는데 서프라이즈...,공포의 묘지 (Pet Sematary)
"개인적으로 나쁘진 않았는데, 다들 얼마나 기대를 하고 오셨는지 궁금함. 공포영화 나름 좋아하고, 챙겨보는 입장에서는 잘 보고 나왔는데.. 물론 대다수의 댓글들이 지적하는 것처럼 개연성에서 벗어나는 설정이 있긴 했지만...",공포의 묘지 (Pet Sematary)
이렇게 욕할정돈아니었는데 왜케 욕많징 ; 괜찮게 봤는데,공포의 묘지 (Pet Sematary)
쓰레기 아 더심한말 없나 최악의 말을 하고 싶은대 생각이 안난다 젠장 ㅠ,공포의 신생아실 (The Nursery)
이거보느니 차라리 창밖에 구름 지나가는거 보는게 훨씬 재밌음,공포의 신생아실 (The Nursery)
첫 평점에 이런말 하기 그렇지만 정말 오지게 재미없네요... 미국식 주택 + 한국형 처녀귀신이라니 ㅋㅋㅋ 전설의 고향인줄 알았어요...시퍼런 자외선광 때문에 눈이 아팠던 게 오래도록 기억에 남을듯 하네요. 시간 많으...,공포의 신생아실 (The Nursery)
그냥 축 쳐졌어요,관전남
과도한 문신이 관람에 거슬린다.,관전녀
MIT 에서 행사 알바했던 민도윤...그때 참 착했었던 기억이 난다.,관전녀
광대들 평점조작단으로 바꾸자,광대들: 풍문조작단 (Jesters: The Game Changers)
이해할 수 없어요. 얼마나 재미가 없길래 리뷰가 이렇지 하고 봤는데 보는 내내 그들이 댓글 알바인가 의구심이 들 정도로. 나랏일 하는 사람들 풍자하면 그들이 악플 알바를 시키나요? 저는 재밌게 보고 나왔습니다. 관객...,광대들: 풍문조작단 (Jesters: The Game Changers)
볼만한데 뭐냐점수 왜이래;;누가 진짜 풍문조작단 푼거냐,광대들: 풍문조작단 (Jesters: The Game Changers)
관람객 평이 별로안좋네요저는 소소한 재미 느끼며재밌게 봤습니다~~~,광대들: 풍문조작단 (Jesters: The Game Changers)
손현주 아저씨 연기 넘 잘함....사극도 잘어울림,광대들: 풍문조작단 (Jesters: The Game Changers)
배우들 연기는 최고였다.,광대들: 풍문조작단 (Jesters: The Game Changers)
재밌던데..평점 보고 안보려다 봤는데.. 후회안함~~평점 너무 낮게 몰아가네ㅛ,광대들: 풍문조작단 (Jesters: The Game Changers)
관람객 조명과 영사 등 현대적 기법을 과장해서 연출한 부분이 재밌었다. 배우들의 연기도 멋졌다,광대들: 풍문조작단 (Jesters: The Game Changers)
별점 한개 줄만큼 욕먹을 영화는 아닌거 같은데 왜 이리 짠지 모르겠네요. 이 시대의 광대들은 지금 이시간에도 어디선가 광대짓을 하고있겠죠? 그것이 진실이든 거짓이든.,광대들: 풍문조작단 (Jesters: The Game Changers)
솔직히 평점이너무안좋아성 진짜보기싫었는데 남친때매 봄.. 근데 생각보다 참신하고 몰입감도있었는데 평점테러하시는분들..노이해ㅜ평점때매 고민하시는분들은 그냥보시는것도 나쁘지않아요!,광대들: 풍문조작단 (Jesters: The Game Changers)
"18개월 전에 뇌출혈로 지금까지 식물인간 상태로 계신 어머니, 15개월 전 여동생의 유방암진단, 지난 월요일 아내의 갑상선암 진단, 아픔을 가지신 분들을 위해 기도하고 응원합니다.",교회오빠 (A Job Who Is near Us)
"상영관, 상영시간, 기간 늘려주세요. 한번 더 보고 싶어요.",교회오빠 (A Job Who Is near Us)
꼭보세요..백번천번보세요..인생영화가벤허였는데이제이게될거같아요ㅜㅜ제인생이이영화를본전과후로나뉠거같아요감사합니다..주말에도..하루에한번이라도좋으니더오래상영해주세요..,교회오빠 (A Job Who Is near Us)
처음부터 끝까지 나는죽고 예수만 사는 삶이 이런거구나를 보여주신것 같습니다. 장면 하나하나가 다 메세지였던것 같습니다. 오늘 하루하루를 감사하고 사랑한다는 것이 쉽지 않지만 한 사람 한 사람이 소중하구나를 생각케 해...,교회오빠 (A Job Who Is near Us)
누구에게나 올수있는 암과 죽음의 문제,교회오빠 (A Job Who Is near Us)
천국소망을 가진 자에게 죽음이란 두려움이 아니라 감사와 행복이다,교회오빠 (A Job Who Is near Us)
인생의 목적에 대해 되돌아보게 되는 좋은 영화입니다,교회오빠 (A Job Who Is near Us)
너무 슬플것 같아서 보기 두렵기도 했지만 관람 후에는 제게 주는 교훈이 더 크네요 제 믿음이 부끄럽고 돌아보게되는 시간이었습니다. 이 마음의 먹먹함과 부끄러움이 주님앞에서 더 단단해지고 믿음이 견고해지길 소망합니다....,교회오빠 (A Job Who Is near Us)
극심한 고통속에서도 맑은 정신으로 성경 말씀을 듣기 위해 모르핀조차 맞지 않은 이관희 집사님의 믿음 앞에서 작은 일에도 투덜거리며 세상을 놓지 못하는 제 믿음이 너무 부끄러웠습니다.오은주 접사님과 소연이를 주님께서 ...,교회오빠 (A Job Who Is near Us)
이 영화는 그냥 평가한다는 자체가 교만입니다 다보세요 그냥,교회오빠 (A Job Who Is near Us)
전현무와 잭 캐릭터 정말 딱이네요 ㅎ 유아 더빙도 굿!,구스 베이비 (Duck Duck Goose)
전현무 유아 박성광 모두 진짜 찰떡같이 잘하네요 재밌어요!,구스 베이비 (Duck Duck Goose)
전현무도 전현무인데 유아 더빙 찰떡으로 잘하네요,구스 베이비 (Duck Duck Goose)
조카 데리고 봤는데... 생각보다 잼있었고 전현무 성우 잘 하네요.,구스 베이비 (Duck Duck Goose)
ㅋ너무 귀여워 ㅋㅋㅋ 진짜 보면서 행복 바이러스 팡팡이였음,구스 베이비 (Duck Duck Goose)
믿고보는 슈렉 제작진bb 재미*감동 다 있네요!!!,구스 베이비 (Duck Duck Goose)
전현무의 더빙이 기대 이상으로 너무 훌륭했습니다. 작품도 아이들과 보기에 괜찮았구요.,구스 베이비 (Duck Duck Goose)
역시 믿고 보는 드림웍스 제작진bb,구스 베이비 (Duck Duck Goose)
애들영화인줄 알았는데 어른들도 찡한 무언가를 느끼게함. 가족이란 무엇일까 생각하게된다.,구스 베이비 (Duck Duck Goose)
아 한참 웃다 왔네요ㅋㅋㅋ 영화 보면서 이렇게 많이 웃기는 처음!!,구스 베이비 (Duck Duck Goose)
관람객 두 눈에 낯설음과 익숙함을 한 방울씩 넣고 보게 되는 메타영화,국경의 왕 (The King of the Border)
관람객 기기묘묘한 꿈결 같은 여행 그리고 영화.,국경의 왕 (The King of the Border)
관람객 영화로 여행하고 여행으로 영화를 만드는 독특한 영화로의 여행,국경의 왕 (The King of the Border)
관람객 선배 언제 나왔어? 라고 묻는 아무것도 담기지 않은 유진의 표정과 그를 바라보는 마찬가지로 아무것도 담기지 않은 현철의 표정 그리고 이어지는 현철은 애초에 존재하지 않았다는 듯 이어지는 테이블 대화 장면...,국경의 왕 (The King of the Border)
"관람객 김새벽의, 김새벽에 의한, 김새벽을 위한 영화헤맴 그 자체만으로도 훌륭한 영화가 될 수 있다.그러니 영화를 만드는 사람들은 늘 영화가 무엇인지 고민해야 한다.",국경의 왕 (The King of the Border)
관람객 불분명한 경계를 넘나드는 형식이 독특했던 영화. 낯설기도 하지만 매력적으로 다가오는,국경의 왕 (The King of the Border)
"우선 이용철 평론가님이 남기신 평에 공감을 표한다.처음엔 낯설고, 그 다음엔 기묘하고 마지막엔 밤톨만한 무언가가 남지만 이해되는 신기하고 불친절한 영화. 그래서 매력있는 영화 라오스 보고 다시보러 갑니다.",국경의 왕 (The King of the Border)
관람객 여운이 오래 남는 영화. 한 번 더 보고 싶음,국경의 왕 (The King of the Border)
관람객 영화와 현실의 국경을 넘나드는신선하며 생소한 이야기 구조 속에펼쳐지는 즉흥적 연기와 연출,국경의 왕 (The King of the Border)
관람객 영화 속 영화 이야기가 끝나면 그들의 진짜 이야기가 시작된다,국경의 왕 (The King of the Border)
"솔직히 제목부터 뻔하긴 했지만 심야 영화로 봤는데도 지루하지 않게 꽤 재미있게 즐김. 근데 왜 마지막 부분 대사 번역 안하고 그대로 올리셨어요? ‘나인’은 독일어로 아니, 싫다는 부정의 뜻인데 그냥 그대로 쓰시면 뜻...",굿 라이어 (The Good Liar)
서양사람 나오는 한국드라마 보는 느낌,굿 라이어 (The Good Liar)
영화는 그냥저냥 볼만했고 워너브라라 자막은 박읍읍일거라 생각해 포기했다 거진문제 없었지만 마지막 나인에서 박읍읍의 향기를 느꼈다억울하면 역자 알려주던가,굿 라이어 (The Good Liar)
한 맺힌 세월에 비하면 너무 가벼운 복수,굿 라이어 (The Good Liar)
연기력이 너무 뛰어나서 시작부터 끝까지긴장감을 떨칠 수 없었습니다.마지막 할머니가 손자들한테가는 장면은자기 어렷을 적 트라우마가 아니었을까 생각듭니다.,굿 라이어 (The Good Liar)
관록 있는 두 배우의 명연기와 반전 스토리가 잘 어우러진 스릴러 영화. 이 영화도 상영관이 없는 게 너무 아쉽다.,굿 라이어 (The Good Liar)
나쁜 사람들이 없는 세상에서 살고싶다,굿 라이어 (The Good Liar)
"긴장감 가지고 잘 나가다가, 복선도 전혀 없이 말로만 다 설명해주는 당황스럽고 무책임한 엔딩의 반전. 원작소설의 이야기 전개 구조는 아마 영화보단 나았을 것이라 생각됨",굿 라이어 (The Good Liar)
까맣게 잊고 있던 자와 결코 잊을 수 없던 자,굿 라이어 (The Good Liar)
이런 범죄 스릴러 영화를 좋아한다면 무조건 추천~~,굿 라이어 (The Good Liar)
평소에 역사를 좋아하고 관심있는 대한민국의 현 고등학생으로서 어디에서도 볼 수 없었던 역사적 사실과 진실을 마주할 수 있었습니다.또한 자신을 되돌아 볼 수 있는 터닝포인트가 된 영화였습니다^^,"굿바이 마이 러브NK: 붉은 청춘 (Goodbye My Love, North Korea)"
잊혀졌던 역사와 숨겨졌던 한국영화사의 발견. 잊혀질 수 없는 그들의 신념과 우정.,"굿바이 마이 러브NK: 붉은 청춘 (Goodbye My Love, North Korea)"
관람객 조국과 영화 사이에서 쉼없이 방황하던 청춘들,"굿바이 마이 러브NK: 붉은 청춘 (Goodbye My Love, North Korea)"
스탈린이 망친 세계사. 우리가 고통받다,"굿바이 마이 러브NK: 붉은 청춘 (Goodbye My Love, North Korea)"
"사학도로서 북한청년들의 이야기에 공감해 볼 수 있었습니다. 멋진 영상미, 감동적인 사람들.. 다시한번 보고싶게 만드는 의미있는 영화","굿바이 마이 러브NK: 붉은 청춘 (Goodbye My Love, North Korea)"
1점준 애 색히들은 영화를 보기나한건지 모르겠다. ㅋ 진짜 어이가 없네,"굿바이 마이 러브NK: 붉은 청춘 (Goodbye My Love, North Korea)"
우리는 뿌리깊은 이방인...일반인이 연출 한건 줄 알았는데...아니네요...연출이 너무나 아쉬운 작품이었습니다. 내용전달마저 희미해져 버린. 하지만 몰랐던 개인의 힘으로는 어찌 할 수 없었던 격동의 시절을 온 젊음으...,"굿바이 마이 러브NK: 붉은 청춘 (Goodbye My Love, North Korea)"
혁명적 인간들의 후일담.,"굿바이 마이 러브NK: 붉은 청춘 (Goodbye My Love, North Korea)"
설마 이게 끝은 아니죠?? 2편 만들어줘요 너무 궁금하고 마음이 아파요,"굿바이 마이 러브NK: 붉은 청춘 (Goodbye My Love, North Korea)"
감히 설명하기 슬픈영화 인간의 신념이 얼마나 아름답고 숭고한것인지 깍고 다듬지 않고 그대로 보여준다,"굿바이 마이 러브NK: 붉은 청춘 (Goodbye My Love, North Korea)"
이도하는 이도하얗다...,굿바이 썸머 (Goodbye Summer)
악플 글만큼 재미없진 않은것 같았습니다신인배우들도 괜찮게 섭외했고물론 이런걸 좋아해서 그렇게 느낄수 있는 제 주관,굿바이 썸머 (Goodbye Summer)
소재는 좋았으나 구성이나 스토리를 끌고가는 흡인력이 약하고 너무 긴 호흡을 견디기엔 지루한 ... 끝나고 모두 어이없는 웃음,굿바이 썸머 (Goodbye Summer)
보라배우짱..♡보고나서 마음이 여름같아요..♡그리고 병재역 이도하 배우님 알게되서 영광입니다!!! 좋은 작품 많이 해주세요ㅠㅠㅠ,굿바이 썸머 (Goodbye Summer)
아니 뭐가 재밌다는거임 속았음 나만 당하기 싫다는 심보인겅가 스토리 개연성 1도 없음,굿바이 썸머 (Goodbye Summer)
"관람객 모든 것이 도구로 사용되고 버려진다.상징적인 의미는 없다. 시한부, 학생, 사랑, 오토바이.. 지겹도록 비슷한 한국영화와 다르게 만들고 싶었으나 아무것도 담지 못한 것같다. 관객에게 남다른 영화라고 인식되기 보다 그...",굿바이 썸머 (Goodbye Summer)
여기 별점 남기신 분들 영화보신거 맞나요...여름이랑 뭔 상관이 있는건지도 모르겠고 스토리 별로였음 어지간한 영화는 다 재밌게 보는데 이건 지루해 죽는줄,굿바이 썸머 (Goodbye Summer)
배우분들 너무너무 귀엽고 생각보다 넘 재미있었던 영화!정제원 사랑회...,굿바이 썸머 (Goodbye Summer)
정제원 잘생김 너무나도,굿바이 썸머 (Goodbye Summer)
풋풋한 첫사랑의 느낌을 되살려주는 영화인 것 같아요 ! 극중에서 병재라는 배우에게 눈길이 자꾸가욧!,굿바이 썸머 (Goodbye Summer)
근데 섹스를 하는데 왜 15세여??,귀신의 향기 (scent of ghost)
"기대 안하고 봤는데 은근 잼나요. 코믹,공포,에로,멜로에 약간의 감동까지 넘 잼있어요~~ 시간가는쥐 몰랐음",귀신의 향기 (scent of ghost)
망한영화는 이유가있는법,귀신의 향기 (scent of ghost)
가족이랑 봤는데... 후회합니다.,귀신의 향기 (scent of ghost)
15세 맞음? 애로 영화급으로 베드신 많이 나오는데 15세라니,귀신의 향기 (scent of ghost)
가슴 시린 코믹 영화네요. 저런 사랑이 부럽습니다.,귀신의 향기 (scent of ghost)
헐 개봉3일짼대 관객429명 실화냐...ㄷㄷ무슨 시골촌동네 영화관 1곳만 집계했나요? ㄷㄷㄷ,귀신의 향기 (scent of ghost)
한국 영화 전체 평균 수준을 떨어뜨리는 이딴 영화같지 않은 영화들은 도대체 왜 계속 제작이 되는건지.,귀신의 향기 (scent of ghost)
재미도 없고 감동도 없고.. 불필요하게 많은 성적 묘사와 대사들.. 배우들이 아깝다...,귀신의 향기 (scent of ghost)
마지막에 나오는 노래 가수가 누구고 제목이 뭐죠?,귀신의 향기 (scent of ghost)
상영관에 저랑 모르는 할아버지 둘 뿐이었는데 영화 보는 내내 혹시 할아버지가 페니와이즈일까봐 두 배로 무서웠습니다...,그것: 두 번째 이야기 (It Chapter Two)
그것2 공감 VS 변신 비공감,그것: 두 번째 이야기 (It Chapter Two)
할머니가 춤추는게 이렇게 무서울줄이야,그것: 두 번째 이야기 (It Chapter Two)
"관람객 동대문 메가박스 G열에 앉아서 사람들 눈치주는데도 계속 큰소리로 떠들고 잡담하던 아재,아줌마 나잇값좀 하세요.",그것: 두 번째 이야기 (It Chapter Two)
우주적 파괴자가 어른들한테 팩폭맞고죽은 아이러니,그것: 두 번째 이야기 (It Chapter Two)
ㄹㅇ 이게 왜 평점이 높은거지,그것: 두 번째 이야기 (It Chapter Two)
할머니 진짜... 소름끼치고 무서웠어요...,그것: 두 번째 이야기 (It Chapter Two)
"느린 전개, 징그러움만 있는 연출, 헛웃음만 나오는 유머, 뻔한 놀래킴, 10편짜리 미드를 169분에 압축해놓은것 같다. 1점도 아까운 그야말로 영화상영 전기가 아까운 인류 역사의 실수",그것: 두 번째 이야기 (It Chapter Two)
짠내났던 뚱땡이의 최종승리,그것: 두 번째 이야기 (It Chapter Two)
관람객 진짜 언제 끝나지? 도대체 언제 끝나지? 끝나긴 하는건가? 어? 뭐지? 안끝나나? 응? 세시간.,그것: 두 번째 이야기 (It Chapter Two)
이것은 그것이 아니군.,그것: 저주의 시작 (The Houses October Built 2)
문화대혁명으로 다 죽었답니다.,그날은 오리라 (Our Time Will Come)
실화를 바탕으로 만들어서 그런지 재미는 덜하고 전작의 '언브로큰'처럼 고구마 장면만 있어 아쉽지만 일본에게 침략당한 피해국들 입장에서 제2차 세계대전 당시 일본군이 저지른 만행을 반드시 기억하고 끝까지...,그날은 오리라 (Our Time Will Come)
홍콩의 독립운동에 대해 알 수 있어 좋았습니다 잔잔하네요,그날은 오리라 (Our Time Will Come)
이 영화를 보고 나도 누군가에게 존경 받는 사람이 되고 싶어졌다. 레지나 홀의 연기력은 대단했고 헤일리 루 리처드슨은 파이브피트와 완전히 다른 연기를 보여줌 ^^,그녀들을 도와줘 (Support the Girls)
"생기 넘치는 여성들의 유쾌한 앙상블, 의리로 뭉쳐 새로운 미래의 희망을 외치는 그녀들.",그녀들을 도와줘 (Support the Girls)
예고편 보고 코미디영화인 줄 알았는데 생각지도 못한 위로를 받고 나왔다ㅠㅠ,그녀들을 도와줘 (Support the Girls)
딱 지금 필요한 영화! 재미있게 보고 왔다,그녀들을 도와줘 (Support the Girls)
웨미걸즈가 선사하는 이토록 시원한 짜릿함!,그녀들을 도와줘 (Support the Girls)
"서비스업종에서는 흔히 웃음을판다고들하지요?게다가 그직종당사자가 여자라면??꼭 패미니즘 영화로만 보기보단한사람의 직업에대한,인간관계에대한,여러면에서 생각도 할 수 있었어요.",그녀들을 도와줘 (Support the Girls)
시원~한 맥주가 땡기는 영화!,그녀들을 도와줘 (Support the Girls)
Support The Women,그녀들을 도와줘 (Support the Girls)
"고된 일과에 울고 웃고 소리 지르는, 절로 응원하게 된다.",그녀들을 도와줘 (Support the Girls)
Support the Girls,그녀들을 도와줘 (Support the Girls)
하연수 연기가 너무 어색함 그리고 너무 지나치게 역할이랑 안어울림 ... 초반이 매우 지루합니다 후반부터 유호정 박성웅씨 나오실때는 재밌게 봤습니다엄마생각나는 영화였네요,그대 이름은 장미 (Rosebud)
아빠와 딸의 화해과정을 좀 더 다루었으면 했다는...,그대 이름은 장미 (Rosebud)
내안에 그놈과 비슷한 영화인듯요 남주가 박성웅인데 거 중구성님 너무하신거 아입니까 신년초부터 스크린 점령! 사랑합네다,그대 이름은 장미 (Rosebud)
최우식 배우님~~마녀보고 팬됐는디..역시 실망시키지않네요ㅋㅋ 추운겨울 훈훈한영화네용,그대 이름은 장미 (Rosebud)
의도는 분명한데 세련미가 부족해서 아쉽게 만들어진 어정쩡한 결과물. 연기는 전부 무난한데 홍보 포인트가 잘못된 듯.,그대 이름은 장미 (Rosebud)
"큰 기대 없이 봤으나, 생각보다 넘 재밌고, 우식이도 귀엽고, 무엇보다 마지막에 엄청 울었다ㅜㅜㅜ 엄마랑 다시 볼꺼임",그대 이름은 장미 (Rosebud)
아 진짜 덜된 요리를 먹는 기분이였음 써니같을줄알았지만 써니를 감히 갖다 붙이면 안되는 영화임 하연수 연기에 한번놀라고 두번놀라고 ㅋㅋㅋ 영화 급전개에 세번놀라고 진짜..하연수를 왜 연기계에 안붙이려는지 알거같았던영...,그대 이름은 장미 (Rosebud)
엄마랑 같이 보러갔는데 재밌게 잘 보고왔어요 엄마랑 티격태격하는 딸의 모습이 마치 절 보는듯 했네요ㅎㅎㅎㅎ 잔잔한 울림을 주는 영화였어요,그대 이름은 장미 (Rosebud)
진짜 돈내고본게 엄청 아주 아까운 영화였습니다 너무 뻔하디뻔한전개에 웃기지도않고 뭔가 부자연스러운 억지감동까지 주려해서 오히려 헛웃음날정도였네요 다시 시간돌릴수있다면 예매하려던 저를 반드시 말릴겁니다 내 시간이랑 돈...,그대 이름은 장미 (Rosebud)
돈이 아까운영화입니다 정말 영화 중간중간에 억지 웃음거리는 웃기지도않고 눈물을 지어짜내려는 장면은 전혀 감동과 슬프지도않고 정말 뻔한전개 영화 내용도 쓸때없이 롤타임이고 정말 돈날렷네요 여러분은 속지마시길 알바들많네...,그대 이름은 장미 (Rosebud)
"관람객 역시 페라리와 람보르기니는 돈이 있다고 만들 수 있는 게 아니다. 하지만 이번엔 힘을 지나치게 뺀 느낌. 그리고 돈도 안 되는 영화를 수입하는 진진, 이 영화를 굳이 영화관에서 가서 보고 있는 3천여명의 친구들에게 ...",그때 그들 (Loro)
한번봐서는 조금 이해가 힘듦.. 두번이상 봐야할듯!,그때 그들 (Loro)
천박함을 이야기하지만 그런 소재마저도 예술적으로 승화시킨 진짜 난 감독이다...,그때 그들 (Loro)
베를루스코니는 사실 이탈리아 남자들의 욕망을 그대로 체현하는 인물이다. 돈만 많을 뿐..,그때 그들 (Loro)
관람객 조금 난해했지만 곳곳에 의미심장한 메세지들이 있었던듯,그때 그들 (Loro)
관람객 코메디에 19금이라길래 재밋을줄 알았는데 코메디가 어딨는지 모르겠고 비키니가 무더기로 나오는 장면이 몇번 있을뿐 남주의 장황한 연설이 너무 길다.그리고 마지막엔 남주와 그 아내의 공동 연설이 엄청 길고 지루했다.아침...,그때 그들 (Loro)
"관람객 1. 실비오 베를루스코니 연기는 정말 최고2. 아마도 1부는 세르조 모라의 ""들이대기"", 2부는 베를루스코니의 활동에 대해 포커스를 맞췄을 것 같은데, 이 두개를 억지로 합쳐서 개봉하다보니 줄거리 전개...",그때 그들 (Loro)
Too much....,그때 그들 (Loro)
관람객 화려한 욕망 끝에는 안쓰러움과 슬픔만이 남는 걸 결국 인정할 수 밖에 없게 되는. 모든 걸 다 가졌음에도 사랑받고 싶어하는 한 남자의 내면은 정신과적으로 말하자면 경계성 성격장애로 표현할 수 밖에 없을 듯. 그레이트...,그때 그들 (Loro)
관람객 이해하기 어려운 부분들이 잇섯음.졸림,그때 그들 (Loro)
드라마로도....공포로도....부족한 긴장감 없는....영화.,그레이브 하우스 (Graves and Bones)
지루함이 좋다면 봐라.,그레이브 하우스 (Graves and Bones)
폭설내리는밤 경찰이 두번째로 주인공이 몰고가는 차를 세웠을때 우린 경찰의 대사나 행동을 예측했을 것이다. 하지만 그 예측 자체가 영화보는내내 우리에게 생긴 편견임을 알고 뒤통수를 맞은 느낌이었다!,그린 북 (Green Book)
"우리가 말모이와 스윙키즈처럼 중요한 역사적 소재에 빚지고도 허구의 신파 한가득 버무려놓아 눈물 쥐어짠 걸 의미있는 영화라 자아도취해 있을 동안, 헐리우드는 실화 소재로 이런 '작품'을 배출하는 경지에 ...",그린 북 (Green Book)
"하.. 이런 영화가 상영관수, 상영시간을 많이 늘려야 되는데.. 진짜 예고편만 화려한 거품영화만 너무 독차지 하고있으니..아쉽",그린 북 (Green Book)
보고나면 KFC 치킨이 존나 떙기는 영화임..,그린 북 (Green Book)
빗속 셜리의 대사는 소름이 끼쳤다,그린 북 (Green Book)
정말 많은 여운이 남은 영화네요. 꼭 봐야 할 영화입니다,그린 북 (Green Book)
비고 모텐슨 형님 반지의 제왕에서 꽃미남 왕으로 열연하던게 엊그제 같은데 중년 마초역도 멋있잖아..,그린 북 (Green Book)
"2019년 아카데미 작품상은 그린 북, 남우조연상은 마허샬라 알리!",그린 북 (Green Book)
경찰관에게 메리크리스마스 하는 장면..너무 조하 따뜻해..,그린 북 (Green Book)
고상함 뒤에 숨겨진 추악함이란.토니의 변화는 놀랍고 셜리의 용기는 존경스럽다.금년 첫 영환데 시작이 좋네요,그린 북 (Green Book)
그냥 집에 혼자 있을 때 맥주 마시면서 볼 만.,그림자 킬러 (Southern Chillers)
와 예매율 2위 실화냐 공룡 떡상 가자,극장판 공룡메카드: 타이니소어의 섬
관람객 아이가 좋아했어요~~~,극장판 공룡메카드: 타이니소어의 섬
너무 재밌어서 울었어요,극장판 공룡메카드: 타이니소어의 섬
당근송 중독 되겠어요 !!,극장판 공룡메카드: 타이니소어의 섬
30대 아저씬데 재밌더라.이런걸 국내에서 만들다니..,극장판 공룡메카드: 타이니소어의 섬
시사회에서 본 후 전투씬은 어른이 봐도 재미있어서 조카들에게 표 선물 했습니다. 조카들 반응이 어떨지 궁금하네요.,극장판 공룡메카드: 타이니소어의 섬
관람객 미취학아동에게 재미지겠음,극장판 공룡메카드: 타이니소어의 섬
관람객 너무잼있게 5살 아들과 봤네요~^^,극장판 공룡메카드: 타이니소어의 섬
관람객 아이들이 재밌다고하네요,극장판 공룡메카드: 타이니소어의 섬
덕호야 여긴 왜 왔니....?,극장판 공룡메카드: 타이니소어의 섬
와 나 초딩때 진짜 좋아했던 반지다ㅠㅠㅠ 십몇년 지났는데 영화로나와있네 신기하다 반지꿀잼에 너무 귀여웟는데ㅠㅠ,극장판 반지의 비밀일기
대한민국 대표 명랑만화 반지의 비밀일기 화이팅!! 너무너무 신나고 재밌었어요!!!,극장판 반지의 비밀일기
정말 감동적이였습니다.. 두번보세요ㅠㅠ,극장판 반지의 비밀일기
오늘 우리 아이들이 좋아하는 반지영화 보고 왔어요~~초6학년 아이도 30분밖에 시간이 안지난것같은데 벌써 영화가 끝났다고~~ 반지의 비밀일기 정말 최고였습니다!!~~^^,극장판 반지의 비밀일기
"반지가 누군지도 모르고 보러 갔는데 5, 7살 아이들도 잘 보고 저도 재미있게 봤어요!",극장판 반지의 비밀일기
아이들이 너무 좋아하네요 ^^,극장판 반지의 비밀일기
여자아이들이 좋아하는 캐릭터라 아들이 좋아할까 걱정했는데 웃긴장면이랑 액션!?ㅋㅋ 같은것도 나와서 넘나 재밌게 보고왔네요~,극장판 반지의 비밀일기
애기때문에 봤는데 재밌게 잘봤습니다 3살짜리 애기도 화려한 볼꺼리때문에 집중해서 잘보더라구요,극장판 반지의 비밀일기
초3이 세명이 같이 봤는데 모두 정말 재밌다고 신났네요~추천합니다~!,극장판 반지의 비밀일기
애들이 좋아했어요~^^ 우리나라 애니의 발전이 눈부십니다~^^,극장판 반지의 비밀일기
이런 애니 맨날 일본꺼만 봤는데 한국에서 나온게 이렇게 고퀄이라니 감탄.. 그리고 나도 모르게 자꾸 노래를 따라부르고 있음 아는노래나와가지고 ㅋ,극장판 샤이닝스타:새로운 루나퀸의 탄생! (Shining Star: Lunar Queen)
13일날 군대에서 평일외출 나오는날이랑 딱맞아떨어져서 예매하고 군복입은상태로 보러갔었는데 노래 진짜 좋았어요.,극장판 샤이닝스타:새로운 루나퀸의 탄생! (Shining Star: Lunar Queen)
노래가 넘 좋구 캐릭터들 옷이 다 너무 예뻐서 눈호강... 샤이닝스타 주제곡 중독성 넘나 쩌는것 ㅋㅋㅋ,극장판 샤이닝스타:새로운 루나퀸의 탄생! (Shining Star: Lunar Queen)
미친듯이 춤추고 싶게 만드는 영화네요~애들보다 더 신나게 룰루랄라~했답니다,극장판 샤이닝스타:새로운 루나퀸의 탄생! (Shining Star: Lunar Queen)
스크린엑스로 보시길 꼭 강추! 영화가 더 엔터테이닝해지네요!,극장판 샤이닝스타:새로운 루나퀸의 탄생! (Shining Star: Lunar Queen)
반가운 노래가 많이 나와서 좋았음~,극장판 샤이닝스타:새로운 루나퀸의 탄생! (Shining Star: Lunar Queen)
노래 자꾸 맴돌아.. 회전문각,극장판 샤이닝스타:새로운 루나퀸의 탄생! (Shining Star: Lunar Queen)
조카랑 같이 보고 왔는데 노래가 완전 딱 저희 세대 노래! 추억 소환했네요ㅋㅋㅋ 오히려 제가 더 신난듯,극장판 샤이닝스타:새로운 루나퀸의 탄생! (Shining Star: Lunar Queen)
다 아는노래여서 재밌었어요~!,극장판 샤이닝스타:새로운 루나퀸의 탄생! (Shining Star: Lunar Queen)
최고에요 만화 잘안보는데 이건 잼나고 음악너무 좋아요 ㅎㅎ,극장판 샤이닝스타:새로운 루나퀸의 탄생! (Shining Star: Lunar Queen)
일본영화 보지 맙시다. 이 시국에 일본영화는 아닌 것 같아요,극장판 엉덩이 탐정: 화려한 사건 수첩 (Butt Detective The Movie)
일본꺼라 불매해요일본꺼라 불매해요일본꺼라 불매해요,극장판 엉덩이 탐정: 화려한 사건 수첩 (Butt Detective The Movie)
일본영화 왜보세요? 우리돈으로 그들이 부유해지는게 좋은가요? 불매동참합니다,극장판 엉덩이 탐정: 화려한 사건 수첩 (Butt Detective The Movie)
아이 친구 엄마가 아이들 데리고 보자고 했는데 거절했어요. 지금과 같은 시국에 아이들 데리고 보고싶지 않네요. 재미보단 요즘의 분위기가 왜 일어났는지 설명해주고 안 보여주는게 부모역활이죠.,극장판 엉덩이 탐정: 화려한 사건 수첩 (Butt Detective The Movie)
일본영화 불매합니다!!,극장판 엉덩이 탐정: 화려한 사건 수첩 (Butt Detective The Movie)
일본관련 모든 것을 불매합니다,극장판 엉덩이 탐정: 화려한 사건 수첩 (Butt Detective The Movie)
일본영화 No!!!!,극장판 엉덩이 탐정: 화려한 사건 수첩 (Butt Detective The Movie)
일본영화 불매합니다안봅니다,극장판 엉덩이 탐정: 화려한 사건 수첩 (Butt Detective The Movie)
일본 영화네요~~불매합니다!!!,극장판 엉덩이 탐정: 화려한 사건 수첩 (Butt Detective The Movie)
일본불매합니다. . . .,극장판 엉덩이 탐정: 화려한 사건 수첩 (Butt Detective The Movie)
ㅁ큐큐ㅠㅠㅠㅠ되게 야시꾸리한 언어 많이 나오는데아버님이 초등학생인지 유치원생인지 아들 둘 데리고 보러오신거보고ㅠㅠㅠ아이고...이거참..,극장판 오소마츠 6쌍둥이 (OSOMATSUSAN THE MOVIE)
메가박스 단독 개봉치고는 상영관도 하루 1~2회이상 밖에 안하고 오전하고 오후 저녁 타임에도 상영해줬으면 좋겠습니다. 15세 관람가라면 중 고등학생 이상 볼 수 있는 등급인데 학교 마치고 나면 오후 4시에서 5시에...,극장판 오소마츠 6쌍둥이 (OSOMATSUSAN THE MOVIE)
관람객 아 학교 강의 째고 보고 왔슴다 아 애들 개귀여워여 진짜ㅜㅜㅜ 아 미쳤어 진짜 공식 개존맛임(헙쩝 장기간 휴덕 중인 나의 마음에 불을 지폈다 최고다 진짜 어떻게 한 명도 안 빼놓고 삭 다 귀요ㅣㅂ지?!??? 아 더빙...,극장판 오소마츠 6쌍둥이 (OSOMATSUSAN THE MOVIE)
상영 시간 좀 확대해주세여ㅠㅠ퇴근하고 갈건데 ...ㅠ,극장판 오소마츠 6쌍둥이 (OSOMATSUSAN THE MOVIE)
조조로 보고 왔습니다저질 개그와 감동적인 연출의 완급조절에 성공한 갓애니입니다 짤린 부분 없고 쿠키영상 잘 나옵니다 빨리 더빙판도 보고 싶어요,극장판 오소마츠 6쌍둥이 (OSOMATSUSAN THE MOVIE)
"관람객 전부 귀여웠다ㅠㅠㅠㅜ 마지막에 반전도 예상외라 놀랐다 그런데 망할 상영관여는 시간이 12시, 아침 8시... 시간대가 극악이여서 먼곳까지 간건 좀 불편했다.",극장판 오소마츠 6쌍둥이 (OSOMATSUSAN THE MOVIE)
관람객 아니 평점 이거 최신순 댓 보니까 재미없다고 쓰레기?? 영화라고 하는?? 분 있는데요??? OO 난 존나? 재밌고?? 행복했고?? 아름답고?? 울고?? 웃고?? 소중한 시간이었거든요?????? 이건 최고다 인생영화....,극장판 오소마츠 6쌍둥이 (OSOMATSUSAN THE MOVIE)
관람객 팬들을 위한 대단원 적인 영화네요!,극장판 오소마츠 6쌍둥이 (OSOMATSUSAN THE MOVIE)
육진구 하면서 욕하는 ..들아있잖아 다봤는데 재미없어서 평점 낮게준건 인정 근데 말이야 보지도 않고와서 6진구/별태 하는건..ㅋ참 이영화 정말좋았는데 너희같은 ..때문에 평점 낮아질까봐 짜증난다 ㅜㅜ 영화 좋았어요 ...,극장판 오소마츠 6쌍둥이 (OSOMATSUSAN THE MOVIE)
ㅠㅠㅠㅠ국내개봉 좋아요ㅠㅠㅠ 감사해요ㅠㅠㅠ 오소파는 웁니다ㅠㅠ 신용우성우ㅠㅠㅠ 다른성우도 GOOD!!!ㅠㅠ,극장판 오소마츠 6쌍둥이 (OSOMATSUSAN THE MOVIE)
애들이 완전 좋아하네요^^!!!,극장판 타오르지마 버스터 - 블랙어썰트의 귀환 (The Return of Dark Assault)
이제까지 이런 로봇애니물을 국내에서는 처음봄ㅋㅋ 병맛코드 잘 살렸고 요즘 트렌드에 맞춰짐. 포스터 귀엽길래 애랑 별 생각없이 보러갔는데 잘본거 같음.뻔한스토리전개가 아니어서 신선하고 재밌었음 ㅋㅋ암튼 꼭보시길 콩순이...,극장판 타오르지마 버스터 - 블랙어썰트의 귀환 (The Return of Dark Assault)
겨울왕국으로 얼어 붙은 12월을 타오르는 뜨거운 열정으로 녹여 버릴 수 있는 최고의 가족 영화!!,극장판 타오르지마 버스터 - 블랙어썰트의 귀환 (The Return of Dark Assault)
티버 개꿀잼! 로봇변신이나 액션 고퀄이라 놀랬음,극장판 타오르지마 버스터 - 블랙어썰트의 귀환 (The Return of Dark Assault)
보기 전에 반신반의는 해도??? 보고나서 후회는 안했어요~~~!!! 스토리에도 반전.. 기대이상으로 재밌다는것도 반전,극장판 타오르지마 버스터 - 블랙어썰트의 귀환 (The Return of Dark Assault)
아이들이 너무 좋아 하네요^^ 우와 높은 영상미와 탄탄한 스토리 구성까지.. 게다가 반전의 스토리까지.. 우리 아이들은 완전 팬이 되어버렸어요. 다시 또 보자고 난리네요~,극장판 타오르지마 버스터 - 블랙어썰트의 귀환 (The Return of Dark Assault)
아이때문에 보러 갔다가 덩달아 너무 재밌게 봤습니다! 저도 모르게 몰입해서 보게 되더라구요 ㅎㅎ 생긴건 웃기게 생겼는데 액션이 엄청나네요,극장판 타오르지마 버스터 - 블랙어썰트의 귀환 (The Return of Dark Assault)
와우 영상미가 좋고 ost는 분위기를 더욱 높여주고 효과음이 장면에 맞아서 분위기가 괜찮아고 재미가 있어요,극장판 타오르지마 버스터 - 블랙어썰트의 귀환 (The Return of Dark Assault)
기대안하고 아이들데리고 갔는데 시간가는 줄 모르고 보다가 나왔네요~^^주제곡도 신나고 애들보기에도 교훈적인 내용이네요 은근 ㅋㅋㅋ적극추천!!,극장판 타오르지마 버스터 - 블랙어썰트의 귀환 (The Return of Dark Assault)
"유튜브에서 아이랑 함께 보던건데 극장에서 만나니 반가웠어요! 꽤 볼만해요! 지루할틈 없이 사건이 전개되고, 로봇이 꽤 멋지게 싸워서 눈도 즐거웠습니다. 볼수록 귀엽게 느껴지는 캐릭터들이 묘한 매력포인트네요.",극장판 타오르지마 버스터 - 블랙어썰트의 귀환 (The Return of Dark Assault)
"관람객 갑분 금연송, 갑분 아모르파티",극장판 헬로카봇 : 달나라를 구해줘! (Hello Carbot the Movie: Save the Moon)
우리애들들이 재밌게 본걸 어른들이 평가하면 되냐???,극장판 헬로카봇 : 달나라를 구해줘! (Hello Carbot the Movie: Save the Moon)
아이들은 재밌어했는데 어른인 저는 전체적으로 이전 시리즈보다 좀 지루했어요. 노래들도 좀 별로였어요. 이전 시리즈들 노래는 계속 틀어주는데 이번 노래는 그러진 않을거 같네요. 그래도 아이들이 좋아하니 10점이요. ...,극장판 헬로카봇 : 달나라를 구해줘! (Hello Carbot the Movie: Save the Moon)
역대최악.뜬금없는 노래.대충넘어가는 스토리.로봇 세대는 엑스트라.TV 1개에피소드보다 못한 최악의 극장판.,극장판 헬로카봇 : 달나라를 구해줘! (Hello Carbot the Movie: Save the Moon)
관람객 아이는 좋아했으나 담배피는 모습이 나와서 좀 놀랐네요. 굳이 그런 장면이 있어야 했나 싶어요.,극장판 헬로카봇 : 달나라를 구해줘! (Hello Carbot the Movie: Save the Moon)
관람객 색채나 캐릭터 더 예쁘고 발전했는데 스토리가 뭔가 급하게 만든것 같고 시즌6랑 연결고리도 하나도 없음. 추석에 맞춰 억지로 끼워 맞춘 느낌이 듬. OST가 처음에는 좋았는데 갈수록 이상해지는 것 같음. 카봇 시계...,극장판 헬로카봇 : 달나라를 구해줘! (Hello Carbot the Movie: Save the Moon)
진짜 로봇 팔려고 만드는 영화인듯..,극장판 헬로카봇 : 달나라를 구해줘! (Hello Carbot the Movie: Save the Moon)
관람객 5세 남아 정말 재밌게 잘봤네요. 워낙에 카봇을 좋아하는 아이라 초집중하고 보네요. 중간중간 나오는 노래도 집에서 여러번 듣고 간터라 따라부르기도 하구요ㅎㅎ,극장판 헬로카봇 : 달나라를 구해줘! (Hello Carbot the Movie: Save the Moon)
관람객 아이가 넘 좋아했어요^^ 재미있어요~,극장판 헬로카봇 : 달나라를 구해줘! (Hello Carbot the Movie: Save the Moon)
관람객 집에서도 아가랑 헬로카봇 즐겨보는데 영화관에서 보니까 느낌이 남다르네요.재밋게 잘 봤습니다.,극장판 헬로카봇 : 달나라를 구해줘! (Hello Carbot the Movie: Save the Moon)
내용이 너무 빈약해요.싸우는 장면은 또 너무 많고 길고요.내용없이 계속 싸우기만하니 지루하고 보기가 힘들어요,극장판 헬로카봇:옴파로스 섬의 비밀 (Hello Carbot the Movie: The Secret of Omphalos Island)
관람객 에어샤크 등장해서 결투 장면부터 입 벌리고 봤어요. 한국 만화 진짜 발전 많이했네요. 마지막엔 감동까지(... 전 백악기보다 훨씬 재미나게 보았어요.,극장판 헬로카봇:옴파로스 섬의 비밀 (Hello Carbot the Movie: The Secret of Omphalos Island)
관람객 좀 실망했어요 백악기시대는 어른이 봐도 재밌었어요 스토리 노래까지 모두 다 좋았는데 이번껀 좀 많이 떨어지네요,극장판 헬로카봇:옴파로스 섬의 비밀 (Hello Carbot the Movie: The Secret of Omphalos Island)
관람객 헉...평점과 글이 사라져 다시 올려요.공룡메가트:타이니소어의 섬에 이어 카봇을 보러 왔어요.아이들도 즐거워 하니 너무 좋네요.다음에 나올 극장판도 기대해 봅니다.^^,극장판 헬로카봇:옴파로스 섬의 비밀 (Hello Carbot the Movie: The Secret of Omphalos Island)
관람객 내용도 알차고 칩까지 선물로 주니 아이가 정말 좋아했어요,극장판 헬로카봇:옴파로스 섬의 비밀 (Hello Carbot the Movie: The Secret of Omphalos Island)
관람객 아이들이 무서워하지 않고 재미있게 봤어요..저희 볼 때는 칩을 주지 않았는데 아쉽네요ㅠ,극장판 헬로카봇:옴파로스 섬의 비밀 (Hello Carbot the Movie: The Secret of Omphalos Island)
관람객 아이들 보기에 잘~ 구성된 작품이에요^^. 아들이 너무 재미있게보내요!,극장판 헬로카봇:옴파로스 섬의 비밀 (Hello Carbot the Movie: The Secret of Omphalos Island)
관람객 재밌었데요~칩나올때마다시계업데이트는번거롭네요,극장판 헬로카봇:옴파로스 섬의 비밀 (Hello Carbot the Movie: The Secret of Omphalos Island)
딸내미덕분에 헬로카봇 보면서 마니아.된거같네요 애엄마로서 전다해여사 응원하게 된다는^^ 엄마의 활약이.많아서 좋았네요~~ 애기도 에이샤크를 가장 좋아해요^^,극장판 헬로카봇:옴파로스 섬의 비밀 (Hello Carbot the Movie: The Secret of Omphalos Island)
관람객 차탄엄마 너무 멋있어요!! 초등학생 아이와 재미있게봣어요^^,극장판 헬로카봇:옴파로스 섬의 비밀 (Hello Carbot the Movie: The Secret of Omphalos Island)
일단 진선규님께 박수갈채도 부족함 진짜 연기를 다양하게 잘하셔서 놀랐어요 오랜만에 부담없이 진짜 코미디 영화를 본거 같아서 즐거웠어요 조조로 할인빋고 봤는데 제값줘도 만족할거같습니당 밤새다 할거없이 봤는데 웃겨서 힘...,극한직업 (Extreme Job)
관람객 류승룡 드디어 심폐소생술 성공!,극한직업 (Extreme Job)
관람객 진짜 뻥안치고 ㅈㄴ 웃겼다,극한직업 (Extreme Job)
"관람객 계속 웃으면서 봤어요!""지금까지 이런맛은 없었다이것은 갈비인가 통닭인가수원왕갈비통닭입니다.""이 대사가 귓가에 계속 맴도네요 ㅎㅎ",극한직업 (Extreme Job)
지금까지 이런 영화는 없었다 이것은 영화인가 통닭광고인가,극한직업 (Extreme Job)
간만에 정치색 안띠고 마냥 한국식으로 웃긴 영화다~류승룡도 완전 찰지고ㅋ흥해라,극한직업 (Extreme Job)
아주그냥 진지한척 심오한척 메세지있는척 겉멋은잔뜩들고 막상 까보면 텅빈 영화들만 주구장창 나와서 피로하던참에 간만에 힘 쪽빼고 유쾌하게 웃으며 볼수있는영화라 너무 즐거웠습니다. 한국식코미디에는 꼭 나오는 억지 감동...,극한직업 (Extreme Job)
류승룡 좀비설 너무 웃겼어여,극한직업 (Extreme Job)
마약반 형사들 각각 캐릭터가 확실했습니다. 겹치는 점도 없었고 조합도 너무 좋았습니다. 악역분들도 그 표정들하며 사투리와 찰진 욕설들.. 기억속에 남습니다. 웃으면서 행복했던 감정이 기억에 남습니다. 시사회로 봤지만...,극한직업 (Extreme Job)
관람객 완전 내스타일.. 류승룡 영화 요즘 말아먹더니 이번엔 대박 웃기네 ㅋㅋ역시 갓승룡,극한직업 (Extreme Job)
맥어보이에게 24명의 출연료를 지급해야 마땅하다 생각한다.,글래스 (Glass)
굉장히 진지한 똥을 본거 같네요,글래스 (Glass)
유리가 위험한 물건인 이유는 쉽게 깨져서가 아니라 깨지고 사방으로 흩어지기 때문이다,글래스 (Glass)
<언브레이커블>과 <23아이덴티티> 보시고 가세요. 그래야 온전히 이 영화를 느끼고 이해하고 재미도 배가 됩니다.,글래스 (Glass)
"언브레이커블-스플릿(23아이덴티티)-글래스로 약 20년이라는 긴 시간을 공들여 완성한 스토리인데, 단순 액션영화로 기대하고 보고난 뒤 쉽게 욕하는 모습에 좀 안타까움을 느낌",글래스 (Glass)
보고나면 왜 제목이 글래스인줄 알 수 있다,글래스 (Glass)
끝이 아닌 새로운 시작이다,글래스 (Glass)
히어로 코믹스는 애들이나 보는 공상만화에 불과하다는 기성세대의 인식에 일침을 날려주는 샤말란식 히어로물 고찰영화. 막판에 스토리의 비약이 반전이라는 핑계로 심해지긴 하나 전편들을 봤다면 19년간의 샤말란식 논문의 결...,글래스 (Glass)
마지막 30분 현타왔다,글래스 (Glass)
"마블의 히어로 영화같은걸 기대한다면 보지마시길.. 언브레이커블, 23아이덴티티를 즐감했다면, 후회없는 명작이 될것입니다. 히어로의 자아 정체성에 대한 고뇌와 믿음을 이렇게 잘 표현한 영화는 앞으로도 없을듯",글래스 (Glass)
동서양을 막론하고 잠수타는 남자는 최악. 태어난 김에 산다는 말이 농담같지만 태어났기 땜에 죽을 때까지 어떻게든 살아가야 하는게 인간의 숙명은 맞는듯. 나이들어가며 봐서 그런지 울컥하게 와닿는 부분이 많아 좋았다,글로리아 벨 (Gloria Bell)
혼자는 외롭고 둘은 더 외롭다 음성메시지 남길때 이츠 맘 이라고 남겨주는씬은 좀 씁쓸.그녀도 자식이기에 결국은 엄마에 기댄다.글로리아는 더 힘차게 남은인생을 살아갈것이므로 걱정은 접어두고 이제는 올드팝이된 그때의 ...,글로리아 벨 (Gloria Bell)
세상은 힘들고 외롭기만 하다. 우리도 글로리아처럼 미쳐서 춤추자,글로리아 벨 (Gloria Bell)
나이가 들어도 사랑은 어렵다!! 음악도 Good!!,글로리아 벨 (Gloria Bell)
관람객 몇 살이든 외롭다고 아무나 만나면 X 밟는다~를 줄리안 무어가 너무나 리얼하고 쓸쓸하게 보여주네요....,글로리아 벨 (Gloria Bell)
인생은 결국 나자신의 행복을 찾아가는과정 부산에는 80년대 디스코음악 나오는클럽 없나,글로리아 벨 (Gloria Bell)
믿고보는 줄리안 무어어떤 영화를 보던 그녀는 리얼..,글로리아 벨 (Gloria Bell)
아놀드 스마트폰 산 지 얼마 안됐나봄,글로리아 벨 (Gloria Bell)
사랑에 속을지라도 우리는 살아야 한다♡,글로리아 벨 (Gloria Bell)
잠수도 문제지만...죄의식이없이 정당화되는게 가장큰 문제,글로리아 벨 (Gloria Bell)
친구데리고 갔다가 친구한테 물릴뻔 했네요,기묘한 가족 (THE ODD FAMILY : ZOMBIE ON SALE)
관람객 적어도 엔딩만큼은 최근에 본 어떤 한국 영화보다 기발하고 신박했다. 뻔하지 않아서 좋았고 김남길이 보는내내 연기를 참 기깔나게 한다고 생각했음.,기묘한 가족 (THE ODD FAMILY : ZOMBIE ON SALE)
전개를 조금만 더 빠르게 했다면...하는 아쉬움이 있지만 나름 이야기를 잘 끌고 나간듯. 좀비매니아로서 우리나라에서 이런 B급 좀비물이 나왔다는 것만으로 감격. 특히 좀비물은 엔딩이 중요한데 이 영화의 엔딩은 좀비물...,기묘한 가족 (THE ODD FAMILY : ZOMBIE ON SALE)
난 재밌던데.. 비급 갬성에 개연성이 뭐가 필요해 보고 웃고 마는거지 뭐,기묘한 가족 (THE ODD FAMILY : ZOMBIE ON SALE)
관람객 그냥 가볍게 보려고 봤는데 생각보다 재밌어서 놀람ㅋㅋㅋㅋ 좀비영화로 웃길 수도 있구나!,기묘한 가족 (THE ODD FAMILY : ZOMBIE ON SALE)
존나 병맛영화인데 나한테 잘맞아서 재미나게봤음근데 호불호가 완전 갈릴 영화라 추천을 못하겠음엄지원 ㅋㅋㅋ 하드캐리함..,기묘한 가족 (THE ODD FAMILY : ZOMBIE ON SALE)
"""줄을 서시오"" 정재영 김남길 형제 코믹케미 찰지고, 엔딩까지 기분 좋은 영화여서 추천!!",기묘한 가족 (THE ODD FAMILY : ZOMBIE ON SALE)
연출이 좀 아쉽긴하지만 크게 거슬리진 않았어요. 특히 영화가 어떻게 끝날지 궁금했는데 유쾌하게 잘 끝난 것 같아요! 좀비에게 물리면 회춘한다는 내용이 참신했고 중간에 주유소 클럽(!) 장면에서 터졌어요 ㅋ보시면 아실...,기묘한 가족 (THE ODD FAMILY : ZOMBIE ON SALE)
관람객 스트레스 다 날아갔다ㅠㅋㅋ 호불호 강하다는 얘기를 좀 봤는데 극장에 있던 사람들 다들 웃음 터지고 난리였음ㅋㅋㅋ,기묘한 가족 (THE ODD FAMILY : ZOMBIE ON SALE)
결말도 신선하고 참신한 영화,기묘한 가족 (THE ODD FAMILY : ZOMBIE ON SALE)
거의다 댓글알바 입니다 진짜 조선시대 옷만 입혀놨지말하는건 지금시대처럼 말해서 영화에 1도 몰입이 안되구요 텔미 텔미 할때는 진짜 어이가 없어서 웃었습니다 억지 웃음 유발과 진짜 오글거림 오집니다 ...,기방도령 (HOMME FATALE)
영화 시작할때쯤 스크린에 jyp가 뜨고 관객들이 피식거리는 순간 무언가 잘못되어가고 있다는걸 느꼈다.,기방도령 (HOMME FATALE)
베댓 엄복동 10점 줬더라....ㅋㅋㅋ,기방도령 (HOMME FATALE)
이걸 돈주고 본 제자신에게 너무 화가 납니다.,기방도령 (HOMME FATALE)
평점 장난치나 ????,기방도령 (HOMME FATALE)
중간에 나오게된 세번째 영화..알라딘을 두번볼껄 ㅜ,기방도령 (HOMME FATALE)
도대체 이 영화 재밌다는 사람들 어느부분이 재밌었는지 한장면만 말해봐라. 호불호 갈릴일도 없음 이영화는 무조건 불호임,기방도령 (HOMME FATALE)
아....댓글 알바에게 당함!!,기방도령 (HOMME FATALE)
댓글알바들 래파토리 역겹다,기방도령 (HOMME FATALE)
예매를 멈추세요. 안됩니다.,기방도령 (HOMME FATALE)
"비에 젖지 않는 고급 장난감 텐트와, 비에 젖다 못해 잠겨버리는 반지하 가구",기생충 (PARASITE)
최근 본 영화중 가장 충격적이었음... 근데 보니까 15세말고 19세 걸어야될것같던데..,기생충 (PARASITE)
"지하철이라는 단어가 언급되는 순간, 대다수의 관객은 자신이 어디에 이입할 지를 안다.",기생충 (PARASITE)
전 가정부가 집 벨 누를 때 부터 이 영화는 장르가 바뀐다... 역대급 꿀잼영화,기생충 (PARASITE)
황금종려상 수상작을 자막 없이 볼 수 있다는 것 자체로 좋다.,기생충 (PARASITE)
반지하가 제일 아래인줄 알았다. 내려가보니 지하도 있었다.,기생충 (PARASITE)
뭔가 모를 불쾌한 영화였다. 영화가 불쾌하다는게 아니라 보는 내내 가슴에 뭔가 영화에서 나오는 수석이 얹혀져있는 영화다.,기생충 (PARASITE)
관람객 나 또한 누군가의 사람 사는 냄새에 얼굴 찌푸리진 않았었나..,기생충 (PARASITE)
"누군가의 냄새를 맡고, 평가하고, 묘사할 수 있는 것 또한 권력. 냄새로 서로를 알아보고 경계하고 구분짓는 동물들의 세계와 우리 사회는 참 닮아있다.",기생충 (PARASITE)
박서준이 잘못했네ㅋㅋㅋㅋ,기생충 (PARASITE)
관람객 무조건 롱테이크라고 대사가 많다고 꼭 예술적으로 훌륭한영화는 아니라고생각한다. 극장에서 아무도없이 혼자 본 영화는 이 영화가 잘 어울리는 체험이었다.,기억할 만한 지나침 (Ephemerals to Remember)
관람객 느린 호흡을 따라가기엔 오히려 숨이 차다,기억할 만한 지나침 (Ephemerals to Remember)
문을 두드리는 사람이 있다면 시는 끝까지 쓰인다는 것. 그것이 좋았습니다. 많이 울었습니다. 감사합니다.,기억할 만한 지나침 (Ephemerals to Remember)
바람 불면 휘어지지 않고 부러져버리는 풀을 보는 기분. 이 영화만의 시간이 있는 것 같았습니다.,기억할 만한 지나침 (Ephemerals to Remember)
관람객 조용하게. 느리지만. 묵직하게 파고드는 영화입니다.차분하게 마음을 정리하게 되는 느낌. 영화가 끝나고 나도 모르게 눈물이 나네요. 좋은 영화입니다.,기억할 만한 지나침 (Ephemerals to Remember)
잔상이 오래도록 남네요 대사없이 롱테이크라 뭔가 생각할 시간을 주는 듯한 풀소리 바람소리등 소리들도 좋았고 나자신을 돌아보는 경험을 참으로 오랜만에 해봤네요 몽돌이연기도 감동적이었어요~~,기억할 만한 지나침 (Ephemerals to Remember)
중반에 졸지만 않았어도 좋았을 것을... 하지만 어쩐지 별점을 더 주고 싶은 작품입니다. 주인공이 꼭 저 보는 것 같아서. 설날에 가족들이 저만 빼고 전화 한 통 없이 밥 먹으러 갔어요. 그후에 외로운 마음을 달래러...,기억할 만한 지나침 (Ephemerals to Remember)
관람객 이런 영화를 볼 수 있게 해주셔서 감사합니다.,기억할 만한 지나침 (Ephemerals to Remember)
"소극장에서 혼자 보게 됐는데, 딱 그렇게 보기 좋은 영화. 그 이상도 이하도 아닌",기억할 만한 지나침 (Ephemerals to Remember)
지만원 진짜 너무 웃긴듯 ㅋㅋㅋ,김군 (KIM-GUN)
이 얘기를 믿어달라거나 이해해달라고 하진 않을게요. 다만 왜곡만 하지 않았으면 좋겠어요.,김군 (KIM-GUN)
진짜 이런 영화가 잘 되어야 합니다.,김군 (KIM-GUN)
관람객 깨어있는 국민이라면 꼭 한 번 봐야 할 가치 있는 영화. 더이상 말도 안되는 생떼로 5월에 상처를 더하지 마라,김군 (KIM-GUN)
"미래가 있는 사회는 자신의 부끄러운 진실을 왜면하지 않는다 . 우리가 진정 잘사는 선진국이 되려면 스스로의 잘못도 인정할 때부터 시작일 것입니다. 당시 여렸지만, 지금까지 스스로의 잘못과 노력의 필요성 상기...",김군 (KIM-GUN)
관람객 오월이야기는 그만허자 하셨던 시민군의 말에 가슴이 미어지더군요 ㅠㅠ80년 5월에 그분들은 어떤 심정였던건지...지금 그 아픔을 안고 어떻게 살고 계신지... 외면하는 이가 너무 많다아니 아직도 광주시민에게 학살을 ...,김군 (KIM-GUN)
"목에 핏대가 서고 각혈을 하더라도 온갖 개잡소리에 ""개 짖는 소리 좀 안나게 해라""라고 소리치며 지속적으로 사람 소리로 대응해야하는 이유 를 가장 점잖고도 멋지게 표현한 영화. 더 많은 후속작을 보...",김군 (KIM-GUN)
우리 모두가 김군이었다.,김군 (KIM-GUN)
김군을 찾아가는 한걸음 한걸음이 모두 의미있었다.,김군 (KIM-GUN)
의미있는 작품. 잘 봤습니다.,김군 (KIM-GUN)
관람객 마음이 아파 일어날 수 없었어요. 분노가 치밀었지만 우리는 계속 요구가 이어져야 한다고 생각합니다. 생존 할머니들 20분 남아 계십니다. 빚진 후세로서 역사 의식을 갖고 반드시 사과와 용서를 받아 내야합니다. 상영을...,김복동 (My name is KIM Bok-dong)
5월달부터 최고배우인 한지민 누나가 김복동 네레이션 한다는 소식 듣고 기다렸다가 예매해서 개봉날 아침부터 보고 왔어요 고등학생인 저에게 깊은 울림을 주네요 김복동 할머니 부디 하늘 나라에선 마음 편히 쉬시길,김복동 (My name is KIM Bok-dong)
삼가고인의 명복을빕니다. 김복동할머님은 단순한 피해자가 아닌 평화활동가며 인권운동가였습니다 27년간 투쟁한 김복동할머님을 꼭 기억하겠습니다 .하늘나라에선 살아계실적 슬픈날들은 모두다잊고 행복하시길 바랍니다 꼭 일본...,김복동 (My name is KIM Bok-dong)
"할머니들은 단순한 피해자가 아님을, 정말 용기 있는 삶을 살다 가셨다는 것을, 정말 훌륭한 인권운동가였다는 것을 깨닫게 하는 담담한 다큐멘터리. 존경스럽고 부끄러운 마음이 많이 든다. 많은 사람들이 봤으면 좋겠습니다...",김복동 (My name is KIM Bok-dong)
"오랫동안 개봉을 기다렸던 영화입니다. 할머니를 기억하며, 끝까지 싸우겠습니다.",김복동 (My name is KIM Bok-dong)
할머니의 용기에 내 자신이 하염없이 부끄러워진다.,김복동 (My name is KIM Bok-dong)
"아직도 불가역적이란 말로 요리조리 빠져나가려는 그들의 만행을 규탄하는 그녀들의 현재를 보여준다. 김복동 할머니가 노구를 이끌고 세계를 다니며 알리려던 것, 역사는 정리되지 않았다. 먹먹하고 슬프지만 그래서 더 알리고...",김복동 (My name is KIM Bok-dong)
아베가 요새 왜 저렇게 미쳐날뛰는지 이 영화를 보니까 이해가 되네요 역사를 잊은 민족은 미래가 없다는데 넌 미래가 없구나..,김복동 (My name is KIM Bok-dong)
"용기, 좌절, 열정 그리고 외로움",김복동 (My name is KIM Bok-dong)
마지막 가시는 순간까지 희망을 놓지 않으시고 전세계에 목소리를 알리셨던 인권운동가 김복동 할머니를 보면서 되려 희망과 용기를 얻었습니다. 일본이 사죄하는 날이 오기까지 끝까지 함께 하겠습니다!!,김복동 (My name is KIM Bok-dong)
영상이 너무 퀄리티 떨어지고 내용도 재미없네요 우리 아들은 물고기를 엄청 좋아함에도 불구하고 반 보고나서 나가자고 난리였답니다 꾸역꾸역 보고나왔어요,꼬마 물고기 이자벨: 바다 대모험 (Izzie's Way Home)
퀄리티가 안습이네요ㅠㅠ 재미도 없고 흐름도 어색하고... 애들도 집중 못하고... 기대 안하고 봤는데도 재미없어요.,꼬마 물고기 이자벨: 바다 대모험 (Izzie's Way Home)
꼭 그렇게 개봉했어야만 속 시원했냐...,꼬마 물고기 이자벨: 바다 대모험 (Izzie's Way Home)
진짜 재미없음그래픽 진짜구림 내용도너무이상해ㅡㅡ별점도아까움,꼬마 물고기 이자벨: 바다 대모험 (Izzie's Way Home)
그래픽도 안좋고 너무 지루해요. 중간에 애가 보채서 나왔어요..,꼬마 물고기 이자벨: 바다 대모험 (Izzie's Way Home)
아....영상....그래픽....어쩔건가요...ㅠ너무하다ㅠ,꼬마 물고기 이자벨: 바다 대모험 (Izzie's Way Home)
대체 무슨 생각으로 어싸일럼 영화를 가져오셨어요...?이 2점은 더빙 퀄리티 값입니다,꼬마 물고기 이자벨: 바다 대모험 (Izzie's Way Home)
최악의CG.니모나 도리의 뒤를 이을 애니로 기대했건만...어디 무료박물관 CG같은 영상에 경악! 많은 사람들이 중간에 나가는 이유가 있더라는...,꼬마 물고기 이자벨: 바다 대모험 (Izzie's Way Home)
27개월아기랑 보러갔는데 넘넘 집중해서 잘보네요 ㅎㅎ 스토리가 단순하지만 그래서 더 아이가 집중할 수 있던거 같아요,꼬마 물고기 이자벨: 바다 대모험 (Izzie's Way Home)
꼬마 물고기 진짜 귀여워용 ㅎㅎㅎ 잼나네요,꼬마 물고기 이자벨: 바다 대모험 (Izzie's Way Home)
자전거만화라서 그런지 스피드감이 있어서 우리아들 엄청 신나게 봤네요집에가니 베란다에있는 자전거 꺼내달라하네요,꼬마 자전거 스피디 (Bikes)
올해 3살된 오찬영입니다. 스피디한 전개와 화려한 영상미가 돋보였습니다.,꼬마 자전거 스피디 (Bikes)
"귀여운 자전거가 주인공이네요~아이가 재미있어했어요. 극장에 있는 포토존에서 사진도 찍고 ㅎ주말에 아이들과 함께 보기 딱! 좋은 애니메이션이네요.환경 관련한 이야기도 담고 있어서, 유익한 영화같아요~",꼬마 자전거 스피디 (Bikes)
"귀여운 애니메이션, 환경을 생각하는 교훈적인 내용 있어서 좋았어요. 애들도 재밌게 봤어요~!",꼬마 자전거 스피디 (Bikes)
정말 재미있어요.캐릭터들도 너무 귀여워요.,꼬마 자전거 스피디 (Bikes)
딸내미가 자전거를 좋아해서 보게 됐는데 색감도 이쁘고 캐릭터들도 너무 귀여워요 아이도 재미있게 봤다고 집에가서 자전거 타고 싶다고 얘기하네요~~,꼬마 자전거 스피디 (Bikes)
타요보다 더 재미있고 퀄러티가 높아서 우리애들이 너무 좋아하네요보는내내 어른인 저도 몰입감이 좋았어요..강추합니다,꼬마 자전거 스피디 (Bikes)
평소 자전거 좋아하던 아이라 영화도 아주 좋아하네요. 4발 자전거 타면서... 자기도 빨리 달릴 수 있다며ㅋㅋ 색감도 알록달록하니 아이들이 딱 좋아할만한 영화네요.,꼬마 자전거 스피디 (Bikes)
너무 신나네요~ 마치 타요 느낌도 나고 ㅎㅎ 영상도 알록달록 너무 예뻐요^^* 환경보호 메시지도 있는데 애기들한테 교육적으로도 딱이에요! 아들램 딸램 둘다 너무 재밌다고 자전거 타러 가자고 그러네요 ㅜㅜㅋㅋ,꼬마 자전거 스피디 (Bikes)
너무 재미없다는데요? 지루해서 자꾸 나가자고 했어요ㅜㅜ,꼬마 자전거 스피디 (Bikes)
별 반개도 아까움. 눈 아프고 무슨 주인공이 바닥만 기어다니고대체 왜 이 영화를 만들었는지 줄거리도 없고,나노 테러리즘: CIA 비밀요원 (Headlock)
배우들도 아마 영화가 이렇게 나올 지는 몰랐을 것이다.,나노 테러리즘: CIA 비밀요원 (Headlock)
천하의 망작! 뭔 얘기준 알수도 없고 화면을 뮤비처럼 찍어 한시간반 동안 눈만 아픔,나노 테러리즘: CIA 비밀요원 (Headlock)
헹 ㅋㅋ,나노 테러리즘: CIA 비밀요원 (Headlock)
,나노 테러리즘: CIA 비밀요원 (Headlock)
관람객 새소리. 푸른 나무들. 따뜻한 사람들. 일요일 아침 따뜻한 영화보고 옴.,나는 다른 언어로 꿈을 꾼다 (I Dream in Another Language)
새로운 언어가 가져 오는 폭력성과 강제성. 고립되고 미쳤다는 소리를 들어야 지킬 수 있는 순수성. 언어는 마음을 알기 위한 도구이여야 한다는 메세지. 우리를 무덤까지 옥죄는 금기에 대한 탈출구는 신화에만 존재하는 걸...,나는 다른 언어로 꿈을 꾼다 (I Dream in Another Language)
친구여 소중한 내 친구여...신비로운 자연의 섭리와 인간의 위대한 감정은 경이롭구나!,나는 다른 언어로 꿈을 꾼다 (I Dream in Another Language)
관람객 자연의 소리를 귀기울여 듣게되는 영화,나는 다른 언어로 꿈을 꾼다 (I Dream in Another Language)
자신의 숨겨진 마스크를 직면하는 걸작,나는 다른 언어로 꿈을 꾼다 (I Dream in Another Language)
관람객 언어에 대해서 죽음에 대해서 새로운 생각,나는 다른 언어로 꿈을 꾼다 (I Dream in Another Language)
관람객 다수가 사용하는 언어를 말하는 사람들에게 태고의 언어만을 읊조리는 이사우로는 작은 동물같은 존재일 뿐. 자연과는 교감했지만 사랑하는 사람에게는 전달하지 못한 꿈.,나는 다른 언어로 꿈을 꾼다 (I Dream in Another Language)
관람객 정글의 산소를 흠뻑마신듯?미세먼지고통에서 잠시나마 해방된듯한착각이었나~~고집불통 두노인들이화해와 사랑으로 생을 마감하는?감동이었다,나는 다른 언어로 꿈을 꾼다 (I Dream in Another Language)
"관람객 실제하지만, 많은 사람들과 다르기때문에 차별받고 소수의 개인은 상처받고 죄의식을 느끼게 된다는. 지금의 모습을 그리려고 했던게 아닐까나의 취향에는 매우 좋았던 영화 간결하고 명확하고 주제의식이 저절로느껴지면서도...",나는 다른 언어로 꿈을 꾼다 (I Dream in Another Language)
관람객 잔잔하면서도 격정적인,나는 다른 언어로 꿈을 꾼다 (I Dream in Another Language)
나는 아베가 너무너무 싫다,나는 예수님이 싫다 (Jesus)
어린이들의 순수함을 볼 수 있는 가볍고 밝은 영화. 더불어 어린시절의 기억까지 샘 솟게 한다.,나는 예수님이 싫다 (Jesus)
마냥 밝고 귀여운 영화인줄로만 알았는데.. 아이와 어른 사이 소년의 미묘한 마음이 일렁인다. 감독의 이십대 나이답지 않은 담백한 연출도 인상깊었음.,나는 예수님이 싫다 (Jesus)
관람객 오랜만에 아날로그 감성과 순수함을 느꼈습니다. 예쁜 영화로 마음 힐링 하세요!,나는 예수님이 싫다 (Jesus)
관람객 소소하지만 작은 언덕을 올라갔다 내려오는것 같았던 영화. 그리고 눈물 한방울 찔끔.,나는 예수님이 싫다 (Jesus)
고레에다가 왜 극찬했는지 알 것 같다,나는 예수님이 싫다 (Jesus)
"관람객 굉장히 감성적이 영화였어요. 고레에다 감독 스타일 좋아하는데, 잔잔하니 좋았습니다. 보고나서 찾아보니 감독이 22살이라고 해서 깜짝 놀랐어요. 그래서 더 동심을 잘 표현한 것 같기도.",나는 예수님이 싫다 (Jesus)
관람객 오랜만에 감동적인 관람이었습니다,나는 예수님이 싫다 (Jesus)
관람객 처음 나는 예수님이 싫다 라는 제목을 접했을때는 굉장히 자극적으로 느껴졌다. 영화를 보고 난 후에는 예수님을 처음 접한 어린이의 순수함과 귀여움이 느껴졌다.,나는 예수님이 싫다 (Jesus)
관람객 22살 감독이 연출 각본 편집 촬영까지 모두 다 해서 이런 작품이 나왔다니 너무 놀랍다,나는 예수님이 싫다 (Jesus)
대전 지역의 로컬 영화색이 진하고독립영화 특유의 느낌은 살아있네요.,나는 원래 대전에서 로맨틱 코미디를 찍으려고 했었다 (Daejeon Romantic comedy)
이야기의 흐름이 상당히 자연스럽고 차분하면서도 결말을 향해 달려가는 모습이 인상적이었습니다.,나는 원래 대전에서 로맨틱 코미디를 찍으려고 했었다 (Daejeon Romantic comedy)
감독의 고충을 그린 영화인것 같은데 너무 지루하고 재미가 없네요ㆍㆍㆍ,나는 원래 대전에서 로맨틱 코미디를 찍으려고 했었다 (Daejeon Romantic comedy)
기대이상으로 웃기는 포인트도 많고 감독님도 잠깐 출연하시고 참신하네요,나는 원래 대전에서 로맨틱 코미디를 찍으려고 했었다 (Daejeon Romantic comedy)
기대이상으로 잼있어요.대전배경도 좋았어요,나는 원래 대전에서 로맨틱 코미디를 찍으려고 했었다 (Daejeon Romantic comedy)
지금까지 볼 수 없던 신선하고 재밌는 영홥니다,나는 원래 대전에서 로맨틱 코미디를 찍으려고 했었다 (Daejeon Romantic comedy)
독립영화의 독특한 맛을 보네요...,나는 원래 대전에서 로맨틱 코미디를 찍으려고 했었다 (Daejeon Romantic comedy)
재밌어요 꼭 보세요ㅠㅠ,나는 원래 대전에서 로맨틱 코미디를 찍으려고 했었다 (Daejeon Romantic comedy)
역사왜곡을 당당하게 하시네요. 안부끄러우세요???,나랏말싸미 (The King's Letters)
영화라고 봐주기엔 심각한 역사 훼손,나랏말싸미 (The King's Letters)
"불고신자가 불교머니로 만든 역사왜곡영화, 불교는 근거를 대지도 못하는데 지들끼리만 불교가 한글창제했다고 우김. 한글에 숟가락 올리다 못해 세종대왕 업적을 도적질 하는 영화",나랏말싸미 (The King's Letters)
"한글이 ""사람의 혀와 이, 목구멍 등 발음기관의 모양을 본떠서 만들었다""는 훈민정음 해례본이 발견되면서 한글은 다른 글을 모방한 것이 아니라 독창적으로 만들어졌다는 것이 정설이다.세종대왕의 단독 업적이...",나랏말싸미 (The King's Letters)
후려칠게 없어서 세종대왕억접을 후여치냐!!감독새이끼야!!,나랏말싸미 (The King's Letters)
한글을 스님이 만들었다라 ㅋㅋㅋ 세종대왕 피눈물흘리시겠다,나랏말싸미 (The King's Letters)
역사왜곡을 한 영화를 외국에 수출까지 한다고? 무슨 생각인지 참 궁금하네 되게 당당하네,나랏말싸미 (The King's Letters)
세상에..아무리 픽션이지만..세종대왕을 이런식으로 왜곡하냐..,나랏말싸미 (The King's Letters)
이거 역사왜곡아닌가요? 원각선종석보가 위작으로판명났는데 신미가 한글창제했다구요?제정신이 아닌 감독이군요 세종대왕및집현전 학자들 우롱하는거아닙니까? 마지막자막은 신미대사의가설을 넣고싶지않았다? 이게 엄벅동과머가다른가요...,나랏말싸미 (The King's Letters)
이것은 영화인가 오물인가. 왜곡도 이런 왜곡은 없었다.,나랏말싸미 (The King's Letters)
"악은 특별하지 않다. 어린아이들의 도 넘은 장난전화, 친척과의 식사자리, 전단지를 내팽겨치고 낚싯줄을 당기는 낚시꾼. 악은 이미 우리 일상에 뿌리내려져 있다. 극중에서 만선 낚시터 사람들의 모습은 우리의 평상시...",나를 찾아줘 (Bring Me Home)
영화가 재미있다거나 박진감 넘친다거나를 떠나서 살면서 꼭 한번씩 보고 아이를 잃어버린 가족들의 마음을 한순간이라도 공감했으면 하는 마음애서 만점 줬어요. 세상 찜찜하고 속타는 영화. 섬사람들이나 지역차별한다 선입견 ...,나를 찾아줘 (Bring Me Home)
나는 이런 영화가 싫다 영화가 싫다는게 아니라불행에 더큰불행이 닥치는 내용이 너무 무섭고 싫다..그치만 이보다 더 무서운건 정의감은 눈꼽만큼도 없는 경찰이다,나를 찾아줘 (Bring Me Home)
"관람객 자극적인 영화로 보이고 싶은 감독의 의욕만 보일뿐 정작 영화는 어떻게든 분량을 늘리고 싶어하는듯한 지루함으로 떡칠한 루즈한 연출의 일색, 영화가 지루하다는걸 연출진도 아는건지 중간중간 의도적으로 놀래키려는 사운드로 ...",나를 찾아줘 (Bring Me Home)
관람객 배우들의 연기는 좋았으나 감독의 연출과 시나리오가 아쉬웠다.,나를 찾아줘 (Bring Me Home)
가벼운 마음으로 보기에 충분히 무거운 영화. 출연 배우들의 연기 대결이 어마어마해서그런가 몰입감 최고임.,나를 찾아줘 (Bring Me Home)
아진짜 나만 남편 남동생인지 형인지 짜증남....? 솔직히 그 부부만 아니었어도 이렇게 안꼬였다 하..,나를 찾아줘 (Bring Me Home)
관람객 현실적 소재를 이렇게 B급 고구마영화로 만들버렷네요!후반부 액션?씬에서는 어처구니없어 뿜었슴! 이영애씨 연기가 아까웟슴!,나를 찾아줘 (Bring Me Home)
무서울 정도로 현실적이라 보는 내내 반성했어요...,나를 찾아줘 (Bring Me Home)
방금 조조로 봤습니다 신안 염전노예사건이 생각나네요 씁쓸합니다,나를 찾아줘 (Bring Me Home)
관람객 고양이를 안키워보신 분들이 만든 영화인거 같아요.,"나만 없어 고양이 (Hello, My Cat)"
고양이를 인스타로 배운 랜선집사들의 영화,"나만 없어 고양이 (Hello, My Cat)"
관람객 작위적인 억지감동 뻔한내용 일본영화따라한건가 어쨌든 연기한고양이 스트레스가걱정이었고 한시간반동안 그냥 우리집고양이랑 놀아주는게 이걸보는것보다나을듯,"나만 없어 고양이 (Hello, My Cat)"
정말 보는 내내 화만 돋군 영화입니다. 고양이에 대한 애정이 1이라도 있었다면 저렇게 안찍었겠죠. 저 영화를 보고 잘못된 상식으로 고양이에게 그릇된 해를 끼칠까봐 우려스럽습니다.,"나만 없어 고양이 (Hello, My Cat)"
집사가 보기에는 비추입니다.. 정말 고양이를 좋아하는 사람이 만든 영화인지 의문...,"나만 없어 고양이 (Hello, My Cat)"
내용도없고 감동도없고..두냥이 집사로써 중간중간 불편한 장면도 많았구요고양이를위한 영화라고 홍보안하셨으면 ㅠㅠㅠ,"나만 없어 고양이 (Hello, My Cat)"
고양이 별로안좋아했는데 영화본후로 좋아하게됐네요 재밌었어요~,"나만 없어 고양이 (Hello, My Cat)"
귀여움이 미쳣다 ㅠㅠ 진짜 강추영화 또 봐야지 ㅠㅠ,"나만 없어 고양이 (Hello, My Cat)"
"집사들에게는 공감을, 고양이를 좋아하는 사람들에겐 대리만족을 선사할 최고의 고양이 영화! 고양이 배우님들 연기력 짱짱!!","나만 없어 고양이 (Hello, My Cat)"
"영화 아니고 저예산 웹드라마입니다. 알바 풀어서 높은 평점 만들어도 사람들 보고 느끼는 것은 똑같습니다. 어떻게든 사람들 낚아서 관람객 수 높이려 하지 마시고, 스토리 탄탄한 영화를 만드세요. 한심합니다.","나만 없어 고양이 (Hello, My Cat)"
왜 등장했는지 모르겠는 강예원님... 야쿠자 털러갈때 4명이서 거거의 몇백명 상대해서 이김ㅋㅋㅋ 칼맞아도 절대 쓰러지지않는 울트라 캡숑파워맨들ㅋㅋㅋ 아무리 영화라지만 말이안돼ㅡㅡ 의미없는 김상중 간암 스토리는 왜 끼...,나쁜 녀석들: 더 무비 (THE BAD GUYS: REIGN OF CHAOS)
실관람 후기1. 개연성 전혀 없는 스토리2. Cg는 처음 포스터 바람에 날라가는 장면부터 허접스러웠음(후반까지 봐주기 힘듦)3. 마동석 캐릭터만 믿고 만든 영화4. 3번 때문에 너무 뻔한 전개(예상 가능한 전개는 걸...,나쁜 녀석들: 더 무비 (THE BAD GUYS: REIGN OF CHAOS)
옛말에 그런말이 있지. 부탁하면 들어줘라,나쁜 녀석들: 더 무비 (THE BAD GUYS: REIGN OF CHAOS)
마동석영화의 뻔함은 있지만 그 뻔함 또한 재밌다,나쁜 녀석들: 더 무비 (THE BAD GUYS: REIGN OF CHAOS)
회사에서 알바풀었나?,나쁜 녀석들: 더 무비 (THE BAD GUYS: REIGN OF CHAOS)
"와.. 나쁜녀석들 이라는 드라마를본사람들은 알거다,박웅철과오구탁의 싸움은 언제봐도 재밌고,지리고 또 지린다. 단지, 이정문과 정태수가안나와서 아쉬울뿐이다...",나쁜 녀석들: 더 무비 (THE BAD GUYS: REIGN OF CHAOS)
"청불에서 15세로 바뀌니, 흐름을 방해하는 개그와 차량 폭파 cg는 엉성하였으며 과한 설정에 스토리는 산으로 갔다. 드라마에서 느꼈던 여운은 없다. 뭐 하는 녀석들인지..",나쁜 녀석들: 더 무비 (THE BAD GUYS: REIGN OF CHAOS)
연출 개 똥 구립니다상업영화면 상업영화답게 웃기기라도 하던가,나쁜 녀석들: 더 무비 (THE BAD GUYS: REIGN OF CHAOS)
당신들 진짜 나쁜사람들이에요 이게 영화라고,나쁜 녀석들: 더 무비 (THE BAD GUYS: REIGN OF CHAOS)
이런 뻔한 영화는 그만. 허접스러운 국내영화들 억지로 쭉 상영하지 말고 좀 제대로 된 영화들에게 상영관들을 줘라.,나쁜 녀석들: 더 무비 (THE BAD GUYS: REIGN OF CHAOS)
"느린 기타리스트 지희양이 변하는 모습을 보면서 따뜻하고, 한편으로 반성도 하게 됐던 힐링 영화였습니다. 엄마의 뒷모습, 좋았어요!","나의 노래는 멀리멀리 (Free My Soul, Free My Song)"
기준이라는 틀에서 약간 벗어나면 장애라는 이름을 붙이는 현실에 대하여 한번쯤 생각해보았습니다. 영화 보는 동안 울컥울컥했어요. 너무너무 감독적이였습니다. 많은 사람들에게 사랑 받는 영화가 되길 바래요 ~~,"나의 노래는 멀리멀리 (Free My Soul, Free My Song)"
진짜 넘넘 감동입니다^^♡♡♡♡,"나의 노래는 멀리멀리 (Free My Soul, Free My Song)"
보고 나서 한참 동안 여운이 느껴졌던 영화입니다.. 많은 사람들이 볼 수 있도록 상영관이 많아지길 하는 바람입니다..ㅠㅠ!,"나의 노래는 멀리멀리 (Free My Soul, Free My Song)"
다큐멘터리만의 현장감이 느껴집니다. 감동적이네요.,"나의 노래는 멀리멀리 (Free My Soul, Free My Song)"
장애인이 아니라 한 음악인의 이야기입니다. 그러나 그럼에도 블구하고 장애인의 노력과 희망이 돋보였습니다♥,"나의 노래는 멀리멀리 (Free My Soul, Free My Song)"
기타리스트 김지희님의 성장스토리와 청아한 기타소리와 가슴 뭉클한 가족애를 볼 수 있는 영화. 강추~~입니다.,"나의 노래는 멀리멀리 (Free My Soul, Free My Song)"
느리지만 천천히 내 마음에 스며들어 심금을 울리는 영화ㅠㅠ,"나의 노래는 멀리멀리 (Free My Soul, Free My Song)"
여운이 이 글을 쓰는 아직까지도 남아 있네요. 오랜만에 만난 힐링영화!,"나의 노래는 멀리멀리 (Free My Soul, Free My Song)"
"잔잔한 힐링영화. 가족영화이기도, 성장영화이기도, 장애영화이기도 하다.. 연출과 영상미가 뛰어납니다. 티켓값이 아깝지 않아요. 강추!!!!","나의 노래는 멀리멀리 (Free My Soul, Free My Song)"
시인을 알아보는 이도 시인입니다,나의 작은 시인에게 (The Kindergarten Teacher)
리사가 아이에게 집착하며 그렇게까지 해야했나 싶었으나 마지막 장면을 보고 오직 리사만이 아이의 재능을 정말 아끼고 그의 시에 귀기울여주고 있지않았나 싶다. 리사의 화장실 안에서 절규가 현실이지않을까..,나의 작은 시인에게 (The Kindergarten Teacher)
관람객 마지막 지미의 조그마한 소리가 잔잔하게 울립니다. 그 소리를 들을수있는 사람이 없다는 안타까운 현실,나의 작은 시인에게 (The Kindergarten Teacher)
진짜 어른은 그 재능을 꽃피워주려고 하지 않는다따뜻한 햇빛과 맑은 물을 공급해 줄 뿐이다그럼 어느날 아이는 스스로 재능을 발견하고스스로 꽃 피우길 선택한다Ps 꽃피우지 않아도 충분히 사랑스럽다.,나의 작은 시인에게 (The Kindergarten Teacher)
'시'를 이렇게 스릴있고 매력적인 소재로 그릴 수 있다니!,나의 작은 시인에게 (The Kindergarten Teacher)
마지막 장면은 여운이 너무 깊게 남아서 한동안 멍했다. 우리가 마주하고 싶지 않던 진심을 정면으로 응시하게 만드는 영화!! 진짜 오래도록 생각날 것 같다,나의 작은 시인에게 (The Kindergarten Teacher)
"아이를 위해 한 도덕적인 행동들 조차 나를 완벽히 예술가적인 사람으로 보이게 하기 위한 위선적 행동은 아니었을런지.... 그녀가 발견한 것은 아이의 재능인가, 아이의 재능을 알아챈 나의 안목인가. 무엇을 추구했던 ...",나의 작은 시인에게 (The Kindergarten Teacher)
관람객 마지막이 영화의 진정한 의미,나의 작은 시인에게 (The Kindergarten Teacher)
내가 꿈꾸는 이상과 내가 처한 현실의 간격은 이 영화가 보여준 만큼이다. 이렇게 근사한 은유로 보여주다니...,나의 작은 시인에게 (The Kindergarten Teacher)
관람객 메기 질렌할의 연기가 좋았다. 리사의 행동이 도가 지나친 것이 아닌가 했지만 마지막 장면에서 알 수 있듯이 시를 있는 그대로 알아봐 주는 것도 리사뿐.,나의 작은 시인에게 (The Kindergarten Teacher)
이광수 연기 이렇게 잘했었나..? 지루할틈 없이 두시간동안 웃다가 울다가. 볼만했다.,나의 특별한 형제 (INSEPARABLE BROS)
500만 찍으면 런닝맨 나온다고 했죠 500만 찍읍시다,나의 특별한 형제 (INSEPARABLE BROS)
신하균연기야 잘하는 건 알고 있었고 이광수의 재발견,나의 특별한 형제 (INSEPARABLE BROS)
형아. 뜨거워. 후후후훟 ㅎ,나의 특별한 형제 (INSEPARABLE BROS)
신하균 보러갔다 이광수에게 놀라고 온 영화,나의 특별한 형제 (INSEPARABLE BROS)
관람객 장애인이든 비장애인이든 서로가서로에게 부족한점 채워주며살면 살맛나는 세상이 되지않을까 생각된다...,나의 특별한 형제 (INSEPARABLE BROS)
관람객 114분의 눈물과 웃음 콜라보! 배우 이광수에게 제대로 입덕해버리는 영화. 보고나면 기분 좋아짐과 동시에 라면 땡겨버림ㅠㅠㅠ,나의 특별한 형제 (INSEPARABLE BROS)
극한직업보다 더 웃기고 재밌습니다.감동까지 있어서 올 최고의 영화였습니다.,나의 특별한 형제 (INSEPARABLE BROS)
이런 영화에 상영관 1개는 너무한거 아닙니까?,나의 특별한 형제 (INSEPARABLE BROS)
관람객 재밌게 보고왔지만 많은 생각을 하게 하는 영화랄까.. 사회적 약자들에 대해 생각해볼 수 있는 시간이 되는 영화였음,나의 특별한 형제 (INSEPARABLE BROS)
역시 기대하고 기다린 보람이 ㅠㅠㅠㅠ 무조건 2차 3차 가야합니다!,나의 히어로 아카데미아 더 무비: 두 명의 히어로 (MY HERO ACADEMIA: Two Heroes)
아 역시 존버는 승리해요 마지막 씬이 아주 대박,나의 히어로 아카데미아 더 무비: 두 명의 히어로 (MY HERO ACADEMIA: Two Heroes)
"박구고,,, ㅠㅠㅠ 스크린으로 볼 수 있게 해주셔ㅓ 감사합니다ㅠㅠㅠ",나의 히어로 아카데미아 더 무비: 두 명의 히어로 (MY HERO ACADEMIA: Two Heroes)
개꿀잼이고 일본애니라고 평점 테러하는 야갤러들은 다 꺼져 주시길,나의 히어로 아카데미아 더 무비: 두 명의 히어로 (MY HERO ACADEMIA: Two Heroes)
진짜 마지막에 입이 안 다물어졌다...이건 n회차 돌려야해요..,나의 히어로 아카데미아 더 무비: 두 명의 히어로 (MY HERO ACADEMIA: Two Heroes)
관람객 온몸에 전율이 흘렀습니다조만간 또 보러가야 할것 같아요ㅋㅋ!!!,나의 히어로 아카데미아 더 무비: 두 명의 히어로 (MY HERO ACADEMIA: Two Heroes)
올마이트가 왜 넘버원 히어로인지 다시 한 번 느끼게 됐습니다~!,나의 히어로 아카데미아 더 무비: 두 명의 히어로 (MY HERO ACADEMIA: Two Heroes)
완전 기다렷습니다!~~,나의 히어로 아카데미아 더 무비: 두 명의 히어로 (MY HERO ACADEMIA: Two Heroes)
상영타임 늘려주세요ㅠ빨리 보러가고 싶어여ㅠㅠ,나의 히어로 아카데미아 더 무비: 두 명의 히어로 (MY HERO ACADEMIA: Two Heroes)
관람객 스토리는 평이했지만 .. 오랜만에 캐릭터들 봐서 좋았습니다!,나의 히어로 아카데미아 더 무비: 두 명의 히어로 (MY HERO ACADEMIA: Two Heroes)
관람객 지금 겨울왕국을 볼 때가 아닙니다,나이브스 아웃 (Knives Out)
너도 똥 먹어 너도 똥 먹고 다 똥 먹어,나이브스 아웃 (Knives Out)
다 좋지만 현대차 의문의 1패,나이브스 아웃 (Knives Out)
그래서 마르타는 파라과이 사람이냐 우루과이 사람이냐 브라질 사람이냐 에콰도르 사람이냐,나이브스 아웃 (Knives Out)
관람객 여주: 이 영화는 너무 노잼 입니다 (우웩),나이브스 아웃 (Knives Out)
관람객 번역은 역시 갓석희추리소설 보는 느낌이고너무 몰입감있게 봤어요역시 인성이 쵝오인것을 다시 한번 생각한 작품,나이브스 아웃 (Knives Out)
관람객 이 영화가 2시간 10분짜리였다니,나이브스 아웃 (Knives Out)
관람객 본능 적으로 친절하고 착한 사람은 거짓과 악의에 놀아나지 않지,나이브스 아웃 (Knives Out)
선한 사람이 가진 ‘착한 마음’ 그걸 이용하려는 ‘악의’가 있다하더라도 그것은 언젠가 밝혀진다,나이브스 아웃 (Knives Out)
"Eat shit, eat shit, and eat shit, definitely eat shit",나이브스 아웃 (Knives Out)
오늘 여의도cgv에서 8시10분꺼 봤습니다 영화시작하고 10분만에 '아 OO 똥밟았다' 느꼈습니다 정신질환있는 초등학생들이 만든영화인게 분명합니다 부디 귀중한 돈과 시간과 정신건강을 지키시기바랍...,나이트메어 시네마 (Nightmare Cinema)
영화보다 영화 보던 중 아버지에게 전화 온게 더 무서웠어요,나이트메어 시네마 (Nightmare Cinema)
아 평점 보고 갔어야했는데,나이트메어 시네마 (Nightmare Cinema)
이거 뭐 영화에 sf 공포 스릴러 다 들어가 있네 영화감독 5명이서 이런걸 쳐만들었다는게 믿기지가 않네,나이트메어 시네마 (Nightmare Cinema)
살면서 이런 잦 같은 영화는 처음보네 화가난다 정신질환걸리겠네,나이트메어 시네마 (Nightmare Cinema)
이걸 영화라고 만든거임? 겁나 시끄럽고 재미 1도 없음 보지마셈ㅠㅠ,나이트메어 시네마 (Nightmare Cinema)
개연성 ㅈ도없고 OOO기영화 아 돈아까움,나이트메어 시네마 (Nightmare Cinema)
이게 도대체 영화가 맞는거냐,나이트메어 시네마 (Nightmare Cinema)
"아니 이걸 영화라고 만들어놨네;; 옴니버스 내용에 기승전결에서 승,전을 생략하고 만드네 ;; 올레티비같은데서 무료영화로 풀어놔도 1화보고 바로 포화속으로 보고 전우애 다지는 게 훨 낫지;; 아 진짜 23년 영화보면서...",나이트메어 시네마 (Nightmare Cinema)
이게 공포냐?코미디에 가깝네 진진함이 없는 영화,나이트메어 시네마 (Nightmare Cinema)
"영화 보고나온 관객들이 난폭해질 영화,,",난폭한 기록 (Fist & Furious)
기대는 하지마세요 정두홍은 정우성 연기톤을 따라하는건지 암튼 류덕환이 멱살잡아서 겨우 끝까지 보긴햇는데 그냥 조잡한 씨급영화라 보심됩니자,난폭한 기록 (Fist & Furious)
차라리 머리보다 목에 칼박혀서 말 못하는 컨셉이였으면?,난폭한 기록 (Fist & Furious)
류덕환이라는 배우의 힘이 이다지도 강할줄이야 혼자서 모든 스토리를 이어간다 삼류영화가 범작으로,난폭한 기록 (Fist & Furious)
정두홍의 연기는 짝패에서 유종의 미를 거두었어야 했다! 무술감독으로만 영화에 참여했다면 결과는 또 달랐을것같은데...하...ㄷㄷ,난폭한 기록 (Fist & Furious)
두홍이가 날라차기를 하는 3초동안 존윅이 발잡아다 넘어트리고 두홍이 목에다 칼을 꼽습니다.,난폭한 기록 (Fist & Furious)
관람객 내가 극장 본 영화중 최악,난폭한 기록 (Fist & Furious)
정두홍씨 그냥 무술 감독만 하시지... 왜 주연으로 출현해 이런 망할 영화를...,난폭한 기록 (Fist & Furious)
올해 본 영화 워스트1위,난폭한 기록 (Fist & Furious)
두홍이를 때리고 싶다 난폭하게,난폭한 기록 (Fist & Furious)
전체의 행복을 위해서라면 개인의 행복을 희생해도 괜찮은가,날씨의 아이 (Weathering With You)
재미 있으면 공감버튼을 눌러주세요,날씨의 아이 (Weathering With You)
미츠하랑 타키나오는데 나중에 타키 할머니 찾아갔을때 할머니 팔목에 미츠하 팔찌를 착용하고있었음 이거보고 신카이 마코토한테 시사회에서 관람객이 뭐냐고 물어봤는데 타키랑 미츠하가 결혼하고 미츠하가 타키 할머니한테 만들어...,날씨의 아이 (Weathering With You)
관람객 이영화는 집단(도쿄)응 위해 개인(히나)의 희생을 당연시하는 일본 전체주의를 비판하는 영화 입니다결말을 보시면 아시겠지만 결국 도쿄가 물에 잠기는 엔딩인데 감독은 근대부터 이뤄진 일본의 전체주의사상을 비판하는 메세지...,날씨의 아이 (Weathering With You)
스포일러가 포함된 감상평입니다. 감상평 보기,날씨의 아이 (Weathering With You)
영상미는 좋았는데... 스토리는 아쉬웠음. 떡밥회수도 안되고 그래서 뭘 말하고 싶은건지... 너의이름은 기대하고 보는 사람은 실망 많이 할 듯,날씨의 아이 (Weathering With You)
비 오는 날이 그리 나쁘지만은 않은 것 같다.,날씨의 아이 (Weathering With You)
폭풍우가 휩쓸고 간 개연성,날씨의 아이 (Weathering With You)
미츠하는 백화점에서 일하고있었다.,날씨의 아이 (Weathering With You)
아이맥스 폭죽놀이는 역대급이다,날씨의 아이 (Weathering With You)
60분은 너무 짧은거 아니냐,남편 친구와 즐기는 육덕아내 (S and M)
친구 와이프가 이정도면 나도 즐길수있겟다!!,남편 친구와 즐기는 육덕아내 (S and M)
오우라마나미의 한차원 다른 연기와 와꾸 이건..읍..읍..필감..,남편 친구와 즐기는 육덕아내 (S and M)
와 몸매 ㄹㅇ ㅆㅅㅌㅊ 지립니다,남편 친구와 즐기는 육덕아내 (S and M)
ㅆㄷㅆㄷ ㄹㅇ,남편 친구와 즐기는 육덕아내 (S and M)
길어서 좋았다.. ㅋㅋ 찰진 대사가 베리 굿,내 여자의 남자들
명불허전...백세리정말 좋아요,내 여자의 남자들
완전 취저ㅋㅋㅋ존나 재밌음 로맨스 조아하고 코미디 조아하는 사람 꼭 봐라,내 완벽한 남사친의 비밀 (Unleashed)
동물 좋아하는 사람 취향에 딱맞는 로맨틱?코메디. 개 고양이 둘다 너무 귀엽다.,내 완벽한 남사친의 비밀 (Unleashed)
넘나 귀엽구 웃김 강아지 고양이 키우는 사람들은 보면 겹쳐서 재밌을거에요 ㅋㅋㅋ,내 완벽한 남사친의 비밀 (Unleashed)
쉐임리스보러간다..ㅋㅋ,내 완벽한 남사친의 비밀 (Unleashed)
너무재밌는뎈ㅋㅋㅋㅋ,내 완벽한 남사친의 비밀 (Unleashed)
이걸 놓치면 안된다. 덜 알려진게 이상하다,내 완벽한 남사친의 비밀 (Unleashed)
믿고 보는 댕댕이와 냥이,내 완벽한 남사친의 비밀 (Unleashed)
티비에서 해주길래 우연히 봣는데 존잼 고양이 안아줄때 그르릉에서 젤 웃김,내 완벽한 남사친의 비밀 (Unleashed)
너무 재밌게 잘봤습니다 ^ ^ 익숙한 얼굴들이 많이 나와서 반갑기도 하고 특히 예전에 드래곤볼에 나오셨던 저스틴 ㅎㅎㅎㅎ 디에고역이 너무너무 잘 어울려서 반해버렸네요~ 반려동물을 키우시는 분들이라면 너무 공감되고 즐...,내 완벽한 남사친의 비밀 (Unleashed)
너무 귀엽고 웃기고 따뜻한 영화,내 완벽한 남사친의 비밀 (Unleashed)
감명받았습니다 추처놤,내 이웃과의 섹스라이프
독립영화수준입니다. 결국은 사랑이 섹스보다 우선이라는,내 이웃과의 섹스라이프
계약서 써달라쿠는데 니하고 내사이가 어딧노 사장노무 객끼들.,내가 사는 세상 (Back from the Beat)
관람객 때론 형식적인 희망보다 현실적인 절망이 위로가 될 때가 있죠,내가 사는 세상 (Back from the Beat)
뭘말하려는진 알겠는데 구차한방식,내가 사는 세상 (Back from the Beat)
관람객 우린 남들에게 늘 잘 사는 척 해왔다. 사실은 그렇지 않다. 당신이 잘지내? 라고만 물어봤기 때문에 응이라고 대답했을 뿐,내가 사는 세상 (Back from the Beat)
도데체 뭘 얘기하고 싶은거야?,내가 사는 세상 (Back from the Beat)
뭔놈에 영화가 개같은 현실만 보여주고 끝나냐 그러면서 나이먹고 바뀌고 다시 그새끼를 엿먹여야지,내가 사는 세상 (Back from the Beat)
"현실반영, 거부못할 주제라도 영화적 재미가 없으면 무슨 소용?..그리고, 현실적인 영화라 하더라도 하나의 대사나 행동에 따라 가슴에 와닿을수도 불편할수도 있다",내가 사는 세상 (Back from the Beat)
관람객 연기인가 생활인가. 리얼하네.. 근데 중간중간 클럽씬에서 오디오가 자꾸 음악에 묻혀서 대화가 잘안들림.,내가 사는 세상 (Back from the Beat)
관람객 완생을 이루기 위해서는 우선 미생을 전제한다. 여기 미생이라도 꿈꾸는 청춘들이 있다.,내가 사는 세상 (Back from the Beat)
"민규야 다 울고 난 후에는 더 힘내서, 꿈을 향해 달려가자",내가 사는 세상 (Back from the Beat)
"주연 조연 다 말이 안나온다... 휴,,",내아내의제자들
내안의 그놈이 낫다 공감 vs 말모이가 낫다 비공감,내안의 그놈 (Inside me)
보는내내 빵빵터지네.ㅋㅋㅋ진영 연기 너무잘하고 너무재밌게봤음,내안의 그놈 (Inside me)
아무생각 없이 보러갔다가 정말 미친듯이 웃고 나왔어요! ㅋㅋㅋ 약간 웃음이 줄어들 때 쯤 박성웅님 나와서 진짜 미친듯이 도 웃겨주세요 ㅋㅋㅋ 아 그리고 진영님 정말 잘생기셨어요...,내안의 그놈 (Inside me)
생각지 못한. 진영의 연기력 + 박성웅 연기력 +조연들의 연기력 콜라보. 그중의 갑은 요소요소 마다 빵빵 터지는 이준혁님의 연기력당신은 신으로 인정합니다,내안의 그놈 (Inside me)
요즘 아이돌들 연기에 물올랐네,내안의 그놈 (Inside me)
아형에서 보고 배우분들 성격도 좋고 호흡이 참 잘 맞는다는생각이 들었어요..영화도 포텐터지길 응원할게요~!!,내안의 그놈 (Inside me)
기대 안하고 어제 봤는데 완전 꿀잼 ㅋㅋㅋ,내안의 그놈 (Inside me)
시사때 보고왔는데 진영이 연기 너무 잘하더라고요! 그리고 박성웅은ㅋㅋㅋㅋ 왜이렇게 웃긴지ㅋㅋㅋㅋ 정말 빵빵터졌네요,내안의 그놈 (Inside me)
진영 연기 잘해요 보는내내 계속 웃었네요,내안의 그놈 (Inside me)
ㅋㅋㅋ 시사 보고왔는데 웃다가 뿜을뻔,내안의 그놈 (Inside me)
아무래도 지망 배우들이 적은 분야인 것 같음.,내친구의두엄마
아직 안봤는데 장난스런 키스보다 재밌으면 공감 재미없으면 비공감 주십셔. 혼자 보러 갈겁니다.,너를 만난 여름 (My Best Summer)
지금 중국은 일본 2000년대의 멜로 감성을 따라가고 있다. 그곳에 오래도록 머물기를...,너를 만난 여름 (My Best Summer)
"관람객 초반에는 지루할 수도 있음 임팩트 없는 내용이 없었다 근데 중후반 부터 남주 비주얼 터지더니 아련 폭발하고 울다가 웃다가 했다 장키, 나소시를 뛰어넘느니 하던데 솔직히 그정도는 아님",너를 만난 여름 (My Best Summer)
앞부분은 귀엽고 뒷부분은 아련합니다. 극후반 남주 1분 비주얼컷은 덤,너를 만난 여름 (My Best Summer)
솔직히 장키처럼 설레고 오글?거리기만 할줄 알았는데 초반에는 엄청 설레고 뒤로갈수록 눈물폭탄 흘렸습니다. 진짜 겁나 재미있었니다솔직히 개인적으로는 장키보다 재미있었어요!,너를 만난 여름 (My Best Summer)
이감성 어쩔.. 또보고파,너를 만난 여름 (My Best Summer)
"중화권 영화의 멜로 감성을 다시 보게 됩니다. 저의 청춘을 다시 생각 하게 되네요. 지금의 연애 방식대로 그친구와 만났다면 과연 저희에 결과는 달라졌을까요? 생각 나지만 돌아가지 못하는 그청춘, 그립습니다..",너를 만난 여름 (My Best Summer)
관람객 순수했던 마음을 그려낸 이야기. 잔잔한 감동. 좋았습니다^^,너를 만난 여름 (My Best Summer)
관람객 간만에 정말 예쁜 영화였다,너를 만난 여름 (My Best Summer)
관람객 스포일러가 포함된 감상평입니다. 감상평 보기,너를 만난 여름 (My Best Summer)
음악이 다했던 영화에요,너의 목소리 (Your Voice-Kimikoe)
미세먼지 없는 하늘같은 목소리,너의 목소리 (Your Voice-Kimikoe)
목소리에는 영혼이 담겨있어,너의 목소리 (Your Voice-Kimikoe)
"가슴 따뜻한 이야기, 애들과 같이 보면 좋을 듯요.따스한 오후에 마음 따뜻하게 느껴 보심 좋다.",너의 목소리 (Your Voice-Kimikoe)
관람객 맑은 공기같은 애니메이션,너의 목소리 (Your Voice-Kimikoe)
"무난한 스토리에 아름다운 연출과 작화, 음악이 더해진 수작",너의 목소리 (Your Voice-Kimikoe)
아날로그 감수성과 소녀의 감수성의 합체하면어떤 효과가?골라이온과 그랑죠같은합체 로봇처럼 극대화가 됩니당~~!,너의 목소리 (Your Voice-Kimikoe)
풋풋하고 좋았다. 좋은 말하며 살자구요~,너의 목소리 (Your Voice-Kimikoe)
재밌게 잘 보았습니다.,너의 목소리 (Your Voice-Kimikoe)
"현실적으로는 우스운 이야기. 생전 처음보는 가게에 들어가 라디오를 한다던가 , 초면인 사람의 사정을 듣고 도와준다던가 정말 유치하다. 하지만 마음 한구석에서는 나도 어렷을때 가지고있었던 기분이다. 깨끗한 순수하고 마...",너의 목소리 (Your Voice-Kimikoe)
이엘리야 양궁할 때 멋있다. 지일주는 웃을 때 매력있는 듯.영화는 가볍게 웃으면서 보기 좋은 거 같아요~,너의 여자친구 (My Bossy Girl)
발랄 로코 이엘리야 굿^^,너의 여자친구 (My Bossy Girl)
이엘리야 솔직히 너무 이쁨,너의 여자친구 (My Bossy Girl)
가볍게 보기 좋은 명랑만화 같은 영화,너의 여자친구 (My Bossy Girl)
웃다가 울다가 정신없이 보니 영화가 끝나있었어요!웃긴데 감동도 있는 영화라 가족이 봐도 괜찮을 것 같아요 배우분들 연기가 너무 좋았습니다,너의 여자친구 (My Bossy Girl)
큰 기대 없이 갔다 관람 후 기분 좋게 극장을 나옴.,너의 여자친구 (My Bossy Girl)
기대없이 보다가 한방 맞은 영화 겨울왕국2 에 피해 받은명화다. 현대 사회에 사는 모든이들은 장애를 갖고 살아간다 그것이 신체이건 정신이건 사상이건 그것을 극복 하며살아가는 우리 모두에게 치유를 해주는 동화 같은 ...,너의 여자친구 (My Bossy Girl)
좀 보자 영화관에 영화가없어 4일에 개봉했는데 없어,너의 여자친구 (My Bossy Girl)
상영관이 너무 적고 너무 늦은시간 뿐이라 아쉽습니다..,너의 여자친구 (My Bossy Girl)
오랜만에 착한 영화로 힐링했어요 웃음부터 설렘 감동까지 다 있는 영화!,너의 여자친구 (My Bossy Girl)
서아 역대급 미모다! 언제까지 활동할진 모르지만.. 한 작품 한작품 레어템이다! 어서 다운~,노래방 : 화끈한 여자들2
오유충들 평점 테러하네요.. 부끄러운줄 알아야지,노무현과 바보들
말해 무엇하리. ㅠㅠ너무 앞서 나가신 분,노무현과 바보들
보고싶습니다 노무현 그를 잊지않겠습니다,노무현과 바보들
노짱 팬 꼭봐야 됨 노짱이 노래 불러준다 노무현만 나오면 통곡 눈물 콧물 노짱 정말 힘들고 외로워서 맨날 울었다고 미안해 잘못했어요,노무현과 바보들
사랑합니다 노무현 대통령님♡,노무현과 바보들
아 그립다 평점테러 너무하네,노무현과 바보들
앗...아아....갑자기 나오시면...,노무현과 바보들
그립고그립고그립습니다,노무현과 바보들
부디 그곳에선 힘들어하지 않으셨으면 좋겠습니다.고맙습니다..존경합니다.,노무현과 바보들
주말에 보러가겠습니다ㅎㅎ,노무현과 바보들
